MOL.ID,DC.ID,SMILES_stand,InChI,SMILES,DC.NAME,NCATS.SYNONYMS,NCGC.ID,WARNING,3CL.SIGNIFICANCE,3CL.ACTIVITY,CoV1-PPE.SIGNIFICANCE,CoV1-PPE.ACTIVITY,CoV1-PPE_cs.SIGNIFICANCE,CoV1-PPE_cs.ACTIVITY,MERS-PPE.SIGNIFICANCE,MERS-PPE.ACTIVITY,MERS-PPE_cs.SIGNIFICANCE,MERS-PPE_cs.ACTIVITY,hCYTOX.SIGNIFICANCE,hCYTOX.ACTIVITY,ACE2.ACTIVITY,ACE2.SIGNIFICANCE,AlphaLISA.ACTIVITY,AlphaLISA.SIGNIFICANCE,CPE.ACTIVITY,CPE.SIGNIFICANCE,TruHit.ACTIVITY,TruHit.SIGNIFICANCE,cytotox.ACTIVITY,cytotox.SIGNIFICANCE,logPow {predicted by ochem.eu/model/535 in Log unit},Aqueous Solubility {predicted by ochem.eu/model/536 in log(mol/L)},V,S,R,G,W1,W2,W3,W4,W5,W6,W7,W8,D1,D2,D3,D4,D5,D6,D7,D8,WO1,WO2,WO3,WO4,WO5,WO6,WN1,WN2,WN3,WN4,WN5,WN6,IW1,IW2,IW3,IW4,CW1,CW2,CW3,CW4,CW5,CW6,CW7,CW8,ID1,ID2,ID3,ID4,CD1,CD2,CD3,CD4,CD5,CD6,CD7,CD8,HL1,HL2,A,CP,POL,MW,FLEX,FLEX_RB,NCC,DIFF,LOGP n-Oct,LOGP c-Hex,PSA,HSA,PSAR,PHSAR,LgD5,LgD6,LgD7,LgD7.5,LgD8,LgD9,LgD10,AUS7.4,%FU4,%FU5,%FU6,%FU7,%FU8,%FU9,%FU10,DRDRDR,DRDRAC,DRDRDO,DRACAC,DRACDO,DRDODO,ACACAC,ACACDO,ACDODO,DODODO,SOLY,LgS3,LgS4,LgS5,LgS6,LgS7,LgS7.5,LgS8,LgS9,LgS10,LgS11,PB,VD,CACO2,SKIN,LgBB,MetStab,HTSflag,L0LgS,L1LgS,L2LgS,L3LgS,L4LgS,DD1,DD2,DD3,DD4,DD5,DD6,DD7,DD8,Label
MOL1802,2816.0,C=Cc1c(C)c2cc3nc(cc4[nH]c(cc5nc(cc1[nH]2)C(C)=C5CCC(=O)O)c(CCC(=O)OC)c4C)[C@@]1(C)C3=CC=C(C(=O)OC)[C@H]1C(=O)OC,"InChI=1S/C41H42N4O8/c1-9-23-20(2)29-17-34-27-13-10-26(39(49)52-7)38(40(50)53-8)41(27,5)35(45-34)19-30-22(4)25(12-15-37(48)51-6)33(44-30)18-32-24(11-14-36(46)47)21(3)28(43-32)16-31(23)42-29/h9-10,13,16-19,38,42,44H,1,11-12,14-15H2,2-8H3,(H,46,47)/b28-16-,29-17-,30-19-,31-16-,32-18-,33-18-,34-17-,35-19-/t38-,41+/m0/s1",C=Cc1c(C)c2cc3nc(cc4[nH]c(cc5nc(cc1[nH]2)C(C)=C5CCC(=O)O)c(CCC(=O)OC)c4C)[C@@]1(C)C3=CC=C(C(=O)OC)[C@H]1C(=O)OC,verteporfin,Verteporfin,"NCGC00346712-05, NCGC00346712-01",,INACTIVE,LOW,LOW,HIGH,INACTIVE,LOW,LOW,MODERATE,INACTIVE,LOW,HIGH,LOW,MODERATE,MODERATE,HIGH,HIGH,LOW,MODERATE,HIGH,HIGH,LOW,LOW,5.03,-4.73,1525.62,982.24,1.55321,1.89737,2200.5,1448.75,882.125,386.875,201.375,109.5,51.5,13.375,338.375,150.875,95.125,66.0,52.0,36.5,23.0,12.75,75.875,1.25,0.0,0.0,0.0,0.0,1008.75,451.875,219.125,114.5,47.375,6.25,0.0477208,0.12921300000000002,0.3528,0.45456,2.2402900000000003,1.47494,0.8980739999999999,0.39387,0.205016,0.11148,0.0524312,0.0136168,0.0413738,0.0679078,0.0803127,0.08887350000000001,0.344493,0.153603,0.0968449,0.0671933,0.052940199999999986,0.0371599,0.023415900000000003,0.0129805,2.11695,1.6590900000000002,5.37741,0.805347,76.3601,717.7860000000003,1.35829,0.0714889,1,-0.229458,0.203,1.408,174.34,807.9010000000003,0.177492,0.215794,-2.1144,-2.09878,-2.09718,-2.09706,-2.09702,-2.09701,-2.09713,0.0,0.0,0.0,0.0,0.0,0.0,0.0,0.0,66.2054,66.9553,41.6666,61.7222,40.7195,18.6961,30.7444,37.3734,18.8045,0.0,-5.56406,-2.6395,-3.11826,-3.24666,-3.26229,-3.26388,-3.26401,-3.26404,-3.26405,-3.26393,-3.26278,85.0644,-0.303727,-0.880877,-5.33143,-3.12956,36.7679,0,-3.21074,-0.137153,0.16855,-0.145844,0.0949801,45.125,56.75,51.5,43.125,35.25,27.375,19.375,11.375,1
MOL2451,4899.0,COC(=O)N[C@H](C(=O)N1CC2(CC2)C[C@H]1c1nc(-c2ccc3c(c2)C(F)(F)c2cc(-c4ccc5[nH]c([C@@H]6[C@H]7CC[C@H](C7)N6C(=O)[C@@H](NC(=O)OC)C(C)C)nc5c4)ccc2-3)c[nH]1)C(C)C,"InChI=1S/C49H54F2N8O6/c1-24(2)39(56-46(62)64-5)44(60)58-23-48(15-16-48)21-38(58)42-52-22-37(55-42)28-9-13-32-31-12-8-26(18-33(31)49(50,51)34(32)19-28)27-10-14-35-36(20-27)54-43(53-35)41-29-7-11-30(17-29)59(41)45(61)40(25(3)4)57-47(63)65-6/h8-10,12-14,18-20,22,24-25,29-30,38-41H,7,11,15-17,21,23H2,1-6H3,(H,52,55)(H,53,54)(H,56,62)(H,57,63)/t29-,30+,38-,39-,40-,41-/m0/s1",COC(=O)N[C@H](C(=O)N1CC2(CC2)C[C@H]1c1nc(-c2ccc3c(c2)C(F)(F)c2cc(-c4ccc5[nH]c([C@@H]6[C@H]7CC[C@H](C7)N6C(=O)[C@@H](NC(=O)OC)C(C)C)nc5c4)ccc2-3)c[nH]1)C(C)C,ledipasvir,Ledipasvir (GS 5885)|Ledipasvir (D-tartrate),"NCGC00386420-01, NCGC00378990-07",,INACTIVE,LOW,INACTIVE,LOW,INACTIVE,LOW,LOW,MODERATE,INACTIVE,LOW,,,MODERATE,HIGH,HIGH,HIGH,LOW,INACTIVE,HIGH,HIGH,LOW,INACTIVE,5.98,-5.36,1819.62,1173.3,1.55086,2.07685,2598.25,1667.75,999.125,429.5,192.0,79.125,33.125,6.625,424.375,197.5,96.5,61.5,42.75,27.125,16.625,9.25,208.75,45.125,19.25,6.75,0.75,0.0,1119.12,500.25,212.375,86.25,35.0,6.0,0.0238404,0.0483518,0.101566,0.165883,2.21448,1.42142,0.8515510000000001,0.366062,0.163641,0.067438,0.0282323,0.00564647,0.00319602,0.0111882,0.0165213,0.0271051,0.361694,0.168329,0.08224669999999999,0.0524163,0.0364357,0.0231186,0.0141694,0.00788375,1.98964,1.28659,1.86971,4.01051,92.0311,888.9989999999997,4.05641,0.193162,0,-0.46308,7.152,2.372,169.54,1003.76,0.14449800000000002,0.168905,4.46466,5.95575,6.825639999999999,7.02303,7.107260000000001,7.1472,7.15021,1.84697,0.00246178,0.19821,6.34247,47.1514,90.2076,98.9001,99.5887,79.8502,77.5859,71.3517,59.8201,61.2618,51.5733,40.213,47.6635,37.8212,16.831,-9.81202,-3.89638,-5.3322699999999985,-7.123760000000001,-8.61576,-9.48566,-9.68305,-9.76727,-9.80721,-9.81023,-9.7989,100.0,0.383663,-0.169846,-5.49917,-1.7554900000000002,0.0,0,-8.36048,-2.89677,1.89552,-0.217514,-0.419582,95.0,75.875,48.625,33.5,24.625,10.5,6.875,3.75,1
MOL10067,,O=C(O)[C@@H](S)[C@H](S)C(=O)O,"InChI=1S/C4H6O4S2/c5-3(6)1(9)2(10)4(7)8/h1-2,9-10H,(H,5,6)(H,7,8)/t1-,2-/m0/s1",O=C(O)[C@@H](S)[C@H](S)C(=O)O,,"(2R,3R)-2,3-Dimercaptosuccinic acid",,,INACTIVE,LOW,INACTIVE,LOW,INACTIVE,LOW,INACTIVE,LOW,INACTIVE,LOW,INACTIVE,LOW,LOW,INACTIVE,LOW,INACTIVE,LOW,INACTIVE,LOW,HIGH,LOW,INACTIVE,0.48,-1.88,344.25,267.077,1.28895,1.19221,898.25,785.5,534.875,257.625,152.125,89.0,45.375,12.25,0.625,0.0,0.0,0.0,0.0,0.0,0.0,0.0,80.75,0.0,0.0,0.0,0.0,0.0,556.375,279.0,161.625,90.375,39.875,6.5,0.17582,0.31291,0.813841,1.1311,3.36326,2.9411,2.0027,0.96461,0.569593,0.333237,0.16989500000000002,0.0458669,0.120067,0.0,0.0,0.0,0.00234015,0.0,0.0,0.0,0.0,0.0,0.0,0.0,304.25,178.0,0.0,0.0,14.345999999999998,180.202,1.11779,0.223557,2,0.976878,-0.438,-5.07,169.84,97.2368,0.635922,1.74666,-4.3210000000000015,-5.50601,-5.6745,-5.68681,-5.69684,-5.77955,-6.17439,0.0,0.720059,0.0108279,0.000113881,1.14e-06,1.12e-08,9.12e-11,3.18e-13,1.12694,3.87212,3.87212,3.83774,3.83774,3.83774,0.0,0.0,0.0,0.0,2.56736,3.40754,4.70309,6.4680300000000015,8.0816,9.09925,9.36924,9.50485,9.65864,10.1226,11.0477,0.0,-0.66637,-1.62923,-5.61585,-3.14668,100.0,0,8.10703,3.56448,-1.4340700000000002,0.389988,0.656135,0.25,0.125,0.0,0.0,0.0,0.0,0.0,0.0,0
MOL2489,5039.0,O=C(OC[C@H]1O[C@@H](OC(=O)c2cc(O)c(O)c(OC(=O)c3cc(O)c(O)c(O)c3)c2)[C@H](OC(=O)c2cc(O)c(O)c(OC(=O)c3cc(O)c(O)c(O)c3)c2)[C@@H](OC(=O)c2cc(O)c(O)c(OC(=O)c3cc(O)c(O)c(O)c3)c2)[C@@H]1OC(=O)c1cc(O)c(O)c(OC(=O)c2cc(O)c(O)c(O)c2)c1)c1cc(O)c(O)c(OC(=O)c2cc(O)c(O)c(O)c2)c1,"InChI=1S/C76H52O46/c77-32-1-22(2-33(78)53(32)92)67(103)113-47-16-27(11-42(87)58(47)97)66(102)112-21-52-63(119-72(108)28-12-43(88)59(98)48(17-28)114-68(104)23-3-34(79)54(93)35(80)4-23)64(120-73(109)29-13-44(89)60(99)49(18-29)115-69(105)24-5-36(81)55(94)37(82)6-24)65(121-74(110)30-14-45(90)61(100)50(19-30)116-70(106)25-7-38(83)56(95)39(84)8-25)76(118-52)122-75(111)31-15-46(91)62(101)51(20-31)117-71(107)26-9-40(85)57(96)41(86)10-26/h1-20,52,63-65,76-101H,21H2/t52-,63-,64+,65-,76+/m1/s1",O=C(OC[C@H]1O[C@@H](OC(=O)c2cc(O)c(O)c(OC(=O)c3cc(O)c(O)c(O)c3)c2)[C@H](OC(=O)c2cc(O)c(O)c(OC(=O)c3cc(O)c(O)c(O)c3)c2)[C@@H](OC(=O)c2cc(O)c(O)c(OC(=O)c3cc(O)c(O)c(O)c3)c2)[C@@H]1OC(=O)c1cc(O)c(O)c(OC(=O)c2cc(O)c(O)c(O)c2)c1)c1cc(O)c(O)c(OC(=O)c2cc(O)c(O)c(O)c2)c1,tannic acid,Tannic acid,,Has more than 100 non-H atoms,HIGH,HIGH,LOW,MODERATE,INACTIVE,LOW,LOW,MODERATE,LOW,MODERATE,,,HIGH,HIGH,HIGH,HIGH,LOW,INACTIVE,HIGH,HIGH,HIGH,HIGH,,,2821.38,1746.37,1.6155700000000002,2.4323,4569.12,3721.62,2541.75,1291.0,688.75,349.875,150.75,50.75,181.375,116.75,75.375,45.625,27.625,16.25,6.375,1.625,667.5,257.625,90.75,18.125,0.375,0.0,2236.5,1149.25,575.0,259.25,77.75,10.125,0.0101431,0.0170151,0.0427661,0.0954664,2.61636,2.13107,1.45545,0.7392489999999999,0.39439,0.200344,0.0863221,0.0290603,0.00260335,0.00731934,0.0141952,0.03502569999999998,0.103858,0.06685310000000001,0.043161,0.0261257,0.015818600000000002,0.00930503,0.00365044,0.000930503,9.13764,7.6684899999999985,0.99551,1.21844,147.808,1695.15,6.9813600000000005,0.139627,6,-1.35602,8.86699,-9.0,798.26,948.107,0.457097,0.841951,8.77414,8.07981,5.05632,2.21837,-0.342449,-1.30413,-1.94744,0.0,97.8432,80.7447,16.3122,0.015335,3.98e-09,2.23e-18,2.42e-29,127.415,140.91,140.91,152.444,152.444,152.444,163.482,163.482,163.482,163.482,-14.1365,-14.1355,-14.127,-14.0436,-13.3493,-10.3252,-7.470910000000001,-3.76662,5.23502,14.5843,25.1019,100.0,-0.863124,-6.99454,-15.4708,-9.48357,11.6805,0,-3.90629,19.2803,10.7628,0.12938,-1.99161,127.25,80.75,52.875,33.5,21.375,12.25,4.0,1.0,1
MOL2510,5155.0,CC[C@@H]1[C@@H]2C[C@H](O)CC[C@]2(C)[C@H]2CC[C@@]3(C)[C@@H](CC[C@@H]3[C@H](C)CCC(=O)O)[C@@H]2[C@@H]1O,"InChI=1S/C26H44O4/c1-5-17-21-14-16(27)10-12-26(21,4)20-11-13-25(3)18(15(2)6-9-22(28)29)7-8-19(25)23(20)24(17)30/h15-21,23-24,27,30H,5-14H2,1-4H3,(H,28,29)/t15-,16-,17-,18-,19+,20+,21+,23+,24-,25-,26-/m1/s1",CC[C@@H]1[C@@H]2C[C@H](O)CC[C@]2(C)[C@H]2CC[C@@]3(C)[C@@H](CC[C@@H]3[C@H](C)CCC(=O)O)[C@@H]2[C@@H]1O,obeticholic acid,INT-747 (Obeticholic acid),,,INACTIVE,LOW,INACTIVE,LOW,INACTIVE,LOW,INACTIVE,LOW,INACTIVE,LOW,,,LOW,INACTIVE,MODERATE,LOW,LOW,INACTIVE,LOW,INACTIVE,LOW,INACTIVE,3.5,-4.62,946.0,603.746,1.5668799999999998,1.4745700000000002,1455.88,966.75,535.5,272.0,152.625,83.75,33.75,7.125,225.25,73.625,24.0,8.625,2.75,1.0,0.375,0.0,174.25,74.25,31.625,7.625,0.5,0.0,622.125,307.5,173.0,87.375,31.0,3.125,0.098782,0.263243,0.48467,0.8889530000000001,2.4114,1.60125,0.886962,0.45052,0.252797,0.138717,0.055901,0.0118013,0.0374687,0.08507050000000001,0.191533,0.237615,0.373087,0.121947,0.0397518,0.0142858,0.00455489,0.00165632,0.000621122,0.0,6.3593800000000025,9.71014,6.23493,0.223622,46.778,419.617,0.928195,0.0843814,1,0.27789200000000003,5.185,-1.047,86.58,517.1659999999998,0.143405,0.16741199999999998,4.84801,4.0816300000000005,3.12767,2.66255,2.25223,1.78859,1.69655,0.0162451,89.4978,46.0097,7.85267,0.844985,0.085146,0.00852113,0.0008521789999999999,28.0746,31.1381,31.1381,17.5523,17.5523,17.5523,0.0,0.0,0.0,0.0,-4.6097,-4.60464,-4.56153,-4.27271,-3.50633,-2.55238,-2.08726,-1.67693,-1.21329,-1.12125,-1.11087,68.6409,-0.372346,0.00119325,-2.71421,-1.10301,63.1193,0,-2.72023,2.34011,-0.240691,-0.774282,0.135758,19.25,5.375,0.75,0.375,1.125,0.125,0.125,0.125,0
MOL1805,2819.0,C=CC(N)CCC(=O)O,"InChI=1S/C6H11NO2/c1-2-5(7)3-4-6(8)9/h2,5H,1,3-4,7H2,(H,8,9)",C=CC(N)CCC(=O)O,vigabatrin,Vigabatrin,NCGC00016087-08,,INACTIVE,LOW,INACTIVE,LOW,INACTIVE,LOW,INACTIVE,LOW,INACTIVE,LOW,,,LOW,INACTIVE,LOW,INACTIVE,LOW,INACTIVE,LOW,INACTIVE,LOW,INACTIVE,-2.56,-0.13,349.0,268.328,1.30065,1.18426,810.75,630.25,428.5,218.0,121.875,67.375,26.375,5.125,57.0,14.875,0.875,0.0,0.0,0.0,0.0,0.0,188.75,84.875,45.625,23.125,8.25,1.0,321.75,162.375,91.75,47.5,20.875,3.125,0.224012,0.410219,0.874293,1.70856,3.02149,2.3488,1.59693,0.812438,0.454201,0.251092,0.0982938,0.0190997,0.150555,0.21350500000000008,0.0,0.0,0.2124260000000001,0.0554359,0.00326093,0.0,0.0,0.0,0.0,0.0,139.286,134.75,5.40193,0.0087543,14.982,129.157,1.25636,0.251273,2,0.854167,-0.449,-2.854,80.73,187.598,0.300863,0.430335,-2.7820400000000003,-2.75246,-2.74963,-2.75,-2.75185,-2.77626,-2.9593700000000003,0.0,0.0,0.0,0.0,0.0,0.0,0.0,0.0,2.62004,0.0,0.0,0.0,0.0,0.0,0.0,0.0,0.0,0.0,1.37864,4.46933,3.92271,3.71167,3.6821,3.67926,3.67964,3.68148,3.70589,3.88901,4.42084,0.0,-0.173601,-0.652035,-5.99402,-1.2816,100.0,0,3.82773,-0.020111700000000003,0.449861,-0.0127482,0.21170300000000009,13.0,7.375,4.875,1.875,0.375,0.0,0.0,0.0,0
MOL2635,,C=C(NC(=O)C(=C)NC(=O)c1csc(C2=N[C@H]3c4csc(n4)[C@H]4NC(=O)c5csc(n5)[C@H]([C@@](C)(O)[C@@H](C)O)NC(=O)[C@H]5CSC(=N5)/C(=C\C)NC(=O)[C@H]([C@@H](C)O)NC(=O)c5csc(n5)[C@]3(CC2)NC(=O)[C@H](C)NC(=O)C(=C)NC(=O)[C@H](C)NC(=O)[C@H](C(C)CC)N[C@@H]2C=Cc3c([C@H](C)O)cc(nc3[C@H]2O)C(=O)O[C@@H]4C)n1)C(N)=O,"InChI=1S/C72H85N19O18S5/c1-14-26(3)47-63(105)78-30(7)57(99)75-28(5)56(98)76-31(8)58(100)91-72-19-18-40(66-85-43(22-111-66)59(101)77-29(6)55(97)74-27(4)54(73)96)81-52(72)42-21-112-67(83-42)49(34(11)109-69(107)41-20-37(32(9)92)36-16-17-39(79-47)51(95)50(36)80-41)89-60(102)44-24-113-68(86-44)53(71(13,108)35(12)94)90-62(104)45-23-110-65(84-45)38(15-2)82-64(106)48(33(10)93)88-61(103)46-25-114-70(72)87-46/h15-17,20-22,24-26,30-35,39,45,47-49,51-53,79,92-95,108H,4-6,14,18-19,23H2,1-3,7-13H3,(H2,73,96)(H,74,97)(H,75,99)(H,76,98)(H,77,101)(H,78,105)(H,82,106)(H,88,103)(H,89,102)(H,90,104)(H,91,100)/b38-15+/t26?,30-,31-,32-,33+,34+,35+,39+,45+,47-,48-,49-,51-,52-,53+,71-,72+/m0/s1",C=C(NC(=O)C(=C)NC(=O)c1csc(C2=N[C@H]3c4csc(n4)[C@H]4NC(=O)c5csc(n5)[C@H]([C@@](C)(O)[C@@H](C)O)NC(=O)[C@H]5CSC(=N5)/C(=C\C)NC(=O)[C@H]([C@@H](C)O)NC(=O)c5csc(n5)[C@]3(CC2)NC(=O)[C@H](C)NC(=O)C(=C)NC(=O)[C@H](C)NC(=O)[C@H](C(C)CC)N[C@@H]2C=Cc3c([C@H](C)O)cc(nc3[C@H]2O)C(=O)O[C@@H]4C)n1)C(N)=O,,Thiostrepton,,Has more than 100 non-H atoms,LOW,MODERATE,INACTIVE,LOW,INACTIVE,LOW,LOW,HIGH,HIGH,MODERATE,,,LOW,INACTIVE,HIGH,HIGH,LOW,INACTIVE,HIGH,HIGH,LOW,INACTIVE,,,2700.62,1510.25,1.7882,2.04354,3636.0,2737.62,1919.38,950.625,534.875,299.125,144.875,46.125,274.125,105.0,66.125,45.125,30.875,21.25,13.375,7.0,787.625,252.25,108.75,40.5,7.875,2.0,2089.12,1099.75,595.375,312.5,125.75,22.625,0.022133,0.0350423,0.0574728,0.0707545,2.40755,1.8127,1.2709,0.6294489999999999,0.354163,0.198063,0.0959278,0.0305413,0.0165834,0.0959619,0.140401,0.14911,0.18151,0.06952489999999999,0.0437841,0.0298792,0.0204436,0.0140705,0.00885615,0.004635,8.08885,6.6288100000000005,6.8076300000000005,0.113123,162.33,1664.89,1.6732,0.055773300000000005,0,-1.20331,-2.099,-9.0,620.83,889.42,0.411078,0.698017,-3.67145,-2.76854,-2.23498,-2.14685,-2.11496,-2.10352,-2.12841,1.94407,0.269497,2.6455900000000003,21.3775,73.1087,96.39,98.9649,93.4498,114.213,114.0,112.978,111.856,111.856,105.9,103.246,103.246,101.459,95.0079,-10.071,-6.8137300000000005,-7.54938,-8.49859,-9.40151,-9.93507,-10.0232,-10.0551,-10.0665,-10.0416,-9.79082,48.1364,0.268316,-4.51504,-18.012,-7.87698,9.90503,0,-9.24269,-1.59211,1.12065,-0.0280633,-0.252265,80.0,29.25,18.25,16.125,14.125,10.75,5.5,2.625,0
MOL5419,,O=C(CCCN1CCN(c2ccccn2)CC1)c1ccc(F)cc1,"InChI=1S/C19H22FN3O/c20-17-8-6-16(7-9-17)18(24)4-3-11-22-12-14-23(15-13-22)19-5-1-2-10-21-19/h1-2,5-10H,3-4,11-15H2",O=C(CCCN1CCN(c2ccccn2)CC1)c1ccc(F)cc1,,Azaperone,NCGC00016590-08,,INACTIVE,LOW,INACTIVE,LOW,INACTIVE,LOW,INACTIVE,LOW,INACTIVE,LOW,INACTIVE,LOW,LOW,INACTIVE,LOW,INACTIVE,LOW,INACTIVE,LOW,INACTIVE,LOW,INACTIVE,2.76,-3.15,770.5,526.761,1.46271,1.47544,1386.0,821.25,396.5,162.625,74.625,26.875,9.25,0.75,286.75,156.75,65.5,37.625,25.25,17.375,12.25,6.625,96.0,17.625,7.625,3.5,1.5,0.125,496.625,187.125,85.25,29.875,10.0,0.375,0.07374939999999999,0.236868,0.411361,0.6588970000000001,2.63118,1.55906,0.752714,0.308727,0.14166800000000002,0.0510194,0.0175602,0.0014238,0.05225610000000002,0.0691808,0.0965895,0.17057,0.544365,0.297574,0.124345,0.07142710000000001,0.047934500000000005,0.0329846,0.0232553,0.012576899999999998,1.13931,0.714286,3.99602,1.89043,37.746,328.404,2.01592,0.335987,1,0.440421,3.272,1.4980000000000002,49.52,477.241,0.0940086,0.103763,0.14666500000000002,1.06952,2.03611,2.48405,2.85281,3.20658,3.265,1.14822,0.00178831,0.0494103,0.596666,5.7793800000000015,38.0703,86.0114,98.3997,18.5875,19.1698,10.0834,17.6352,9.86067,0.0,2.6755,8.08896,0.0,0.0,-3.85608,1.03683,0.102825,-0.730116,-1.65359,-2.62019,-3.06813,-3.43689,-3.79066,-3.84907,-3.85537,90.7876,0.360835,0.753927,-2.91404,0.253181,50.7166,0,-2.18342,-2.70098,0.838557,0.399409,-0.0726961,30.0,10.375,3.0,0.125,3.375,0.75,1.5,1.0,0
MOL3298,,C/C(=N\O)[C@@H](C)NCC(C)(C)CN[C@H](C)/C(C)=N/O,"InChI=1S/C13H28N4O2/c1-9(11(3)16-18)14-7-13(5,6)8-15-10(2)12(4)17-19/h9-10,14-15,18-19H,7-8H2,1-6H3/b16-11+,17-12+/t9-,10-/m1/s1",C/C(=N\O)[C@@H](C)NCC(C)(C)CN[C@H](C)/C(C)=N/O,,Exametazime,,,INACTIVE,LOW,INACTIVE,LOW,INACTIVE,LOW,INACTIVE,LOW,INACTIVE,LOW,INACTIVE,LOW,LOW,INACTIVE,LOW,INACTIVE,LOW,INACTIVE,LOW,INACTIVE,LOW,INACTIVE,0.59,-3.04,690.125,494.506,1.3955799999999998,1.49832,1173.25,804.625,511.25,247.0,131.625,61.125,17.25,0.625,135.875,25.125,11.5,4.125,1.375,0.375,0.125,0.125,524.375,191.0,87.625,33.75,8.375,3.375,581.0,287.875,146.625,66.625,12.375,0.0,0.0816408,0.182069,0.343949,0.498732,2.37257,1.62713,1.03386,0.499488,0.266174,0.123608,0.034883300000000006,0.00126389,0.0410655,0.113633,0.13708299999999998,0.301159,0.274769,0.0508082,0.0232555,0.00834165,0.00278055,0.000758332,0.000252777,0.000252777,11.4457,14.8182,4.70311,0.121372,36.319,274.403,2.68616,0.16788499999999998,2,0.509487,2.321,-0.285,112.88,381.626,0.228268,0.295787,-2.77599,-2.19587,-1.18316,-0.629473,-0.0975121,0.905508,1.77683,0.0,3.0499999999999995e-08,3.03e-06,0.000283806,0.0173424,0.353579,3.81153,28.5421,14.1327,16.7739,16.7739,12.1588,14.943,14.943,2.55387,7.23268,7.23268,7.23268,-2.21291,4.6935,4.25486,3.3862400000000004,2.38423,1.29562,0.7381939999999999,0.20567800000000008,-0.7974140000000001,-1.66874,-2.08373,23.2044,0.378702,-0.72341,-8.781989999999999,-1.44519,100.0,0,1.29487,-3.86324,0.0,0.406537,0.0,3.0,0.75,0.5,0.125,0.125,0.0,0.0,0.0,0
MOL1641,2579.0,CCCCCNC(=N)NN=Cc1c[nH]c2ccc(OC)cc12,"InChI=1S/C16H23N5O/c1-3-4-5-8-18-16(17)21-20-11-12-10-19-15-7-6-13(22-2)9-14(12)15/h6-7,9-11,19H,3-5,8H2,1-2H3,(H3,17,18,21)/b20-11+",CCCCCNC(=N)NN=Cc1c[nH]c2ccc(OC)cc12,tegaserod,Tegaserod maleate,"NCGC00095192-05, NCGC00095192-06",,INACTIVE,LOW,,,,,,,,,LOW,HIGH,LOW,INACTIVE,MODERATE,HIGH,LOW,INACTIVE,MODERATE,HIGH,HIGH,LOW,2.76,-4.03,760.375,536.77,1.41658,1.5379,1254.12,690.0,330.625,102.25,41.75,14.875,4.375,0.5,271.625,140.75,81.5,50.25,32.875,16.875,9.375,5.125,258.0,70.25,31.125,12.0,3.375,0.25,301.75,73.375,28.25,8.875,2.625,0.0,0.0276223,0.0716288,0.031217400000000006,0.315701,2.33643,1.28547,0.615953,0.190491,0.0777801,0.0277121,0.00815061,0.000931498,0.00617138,0.06298139999999999,0.146091,0.294571,0.5060359999999999,0.26221700000000003,0.151834,0.0936155,0.061246,0.0314381,0.017465599999999998,0.00954785,0.51227,0.29602,1.30385,3.77465,34.749,302.395,2.46184,0.22380300000000009,1,0.535195,4.345,1.263,86.17,450.6,0.16053399999999998,0.191234,0.837111,0.844943,0.8523270000000001,0.867977,0.91392,1.2794299999999998,2.10286,0.0,4.58e-07,5.34e-06,5.4299999999999985e-05,0.000544005,0.00544071,0.0543814,0.541166,21.0437,19.3356,25.8763,10.9501,19.1267,21.8537,0.0,10.6665,18.5547,6.36951,-4.14738,-0.187505,-0.572416,-0.639346,-0.647308,-0.654704,-0.670355,-0.716298,-1.08181,-1.90524,-2.8625700000000003,82.6701,0.0951323,0.30956100000000003,-3.48177,-1.62593,74.2337,0,-0.964752,-0.894843,-0.664983,-0.498406,0.0393481,12.375,7.625,1.375,2.75,5.625,4.25,2.375,1.625,0
MOL563,930.0,CCN1/C(=C\C=C\C=C\c2sc3ccccc3[n+]2CC)Sc2ccccc21,"InChI=1S/C23H23N2S2/c1-3-24-18-12-8-10-14-20(18)26-22(24)16-6-5-7-17-23-25(4-2)19-13-9-11-15-21(19)27-23/h5-17H,3-4H2,1-2H3/q+1",CCN1/C(=C\C=C\C=C\c2sc3ccccc3[n+]2CC)Sc2ccccc21,dithiazanine,Dithiazanine chloride,,,LOW,HIGH,MODERATE,HIGH,LOW,HIGH,HIGH,HIGH,MODERATE,MODERATE,,,HIGH,HIGH,HIGH,HIGH,LOW,INACTIVE,HIGH,HIGH,LOW,LOW,2.42,-6.2,904.375,596.559,1.51599,1.51497,1405.38,662.625,231.875,4.25,0.0,0.0,0.0,0.0,470.25,235.375,115.375,72.625,48.5,32.5,21.125,13.0,0.0,0.0,0.0,0.0,0.0,0.0,347.875,49.625,0.0,0.0,0.0,0.0,0.023830200000000003,0.133633,0.0,0.0,2.3558,1.11075,0.388688,0.00712419,0.0,0.0,0.0,0.0,0.0116853,0.012605,0.022255700000000003,0.0228455,0.788271,0.394555,0.193401,0.12174,0.08129960000000001,0.0544791,0.0354114,0.0217916,0.0,0.0,0.30962,230.75,45.423,391.572,1.16367,0.166239,1,0.441901,4.515,6.747000000000001,30.88,565.679,0.0517635,0.0545893,4.05043,4.43889,4.50676,4.51238,4.51417,4.51492,4.51499,0.0,0.0,0.0,0.0,0.0,0.0,0.0,0.0,26.3069,28.8829,0.0,20.4845,0.0,0.0,0.0,0.0,0.0,0.0,-6.34917,-4.09,-5.04724,-5.88461,-6.27306,-6.34093,-6.34655,-6.34834,-6.34909,-6.34916,-6.34917,100.0,1.25347,0.188973,-0.8246889999999999,-0.693828,29.4215,0,-5.98636,-0.836692,0.790277,-0.396269,0.0238796,92.875,39.75,8.375,9.875,4.25,3.0,2.625,3.25,1
MOL682,1113.0,Cc1ccc(-c2ncc(Cl)cc2-c2ccc(S(C)(=O)=O)cc2)cn1,"InChI=1S/C18H15ClN2O2S/c1-12-3-4-14(10-20-12)18-17(9-15(19)11-21-18)13-5-7-16(8-6-13)24(2,22)23/h3-11H,1-2H3",Cc1ccc(-c2ncc(Cl)cc2-c2ccc(S(C)(=O)=O)cc2)cn1,etoricoxib,Etoricoxib,NCGC00164578-06,,INACTIVE,LOW,MODERATE,LOW,INACTIVE,LOW,INACTIVE,LOW,INACTIVE,LOW,INACTIVE,LOW,LOW,INACTIVE,LOW,INACTIVE,LOW,INACTIVE,LOW,INACTIVE,LOW,INACTIVE,3.7,-5.04,755.625,520.729,1.45109,1.47872,1331.25,811.875,453.125,187.125,81.75,23.125,8.25,1.0,285.375,135.25,80.125,51.25,32.125,21.75,15.0,10.875,0.0,0.0,0.0,0.0,0.0,0.0,545.5,221.375,92.625,29.625,11.25,1.375,0.0555362,0.180389,0.402501,0.7470760000000001,2.55651,1.55911,0.870174,0.359352,0.15699100000000002,0.0444089,0.0158432,0.00192038,0.0619147,0.112267,0.12851,0.154289,0.54803,0.259732,0.153871,0.0984197,0.0616924,0.0417684,0.0288058,0.0208842,1.02028,0.451219,4.74256,1.43342,38.208,358.841,0.7363029999999999,0.147261,0,0.528602,3.497,1.156,67.4225,453.307,0.129477,0.14873499999999998,3.4344900000000003,3.49033,3.4963300000000004,3.4967900000000003,3.4969300000000003,3.4969900000000003,3.497,2.0,39.0774,86.5913,98.4761,99.8455,99.9845,99.9985,99.9998,27.9434,30.8742,0.0,24.9131,0.0,0.0,15.5659,0.0,0.0,0.0,-4.57425,-3.3298300000000003,-4.16639,-4.51175,-4.56758,-4.5735800000000015,-4.57404,-4.57418,-4.57425,-4.57425,-4.57425,90.5576,0.13934100000000002,1.09865,-2.5470900000000003,0.0434346,43.0082,0,-4.44721,-0.319375,0.369748,-0.289163,0.153531,69.75,38.75,33.0,23.125,19.375,13.25,7.75,1.875,0
MOL1404,2223.0,CO[C@H](C(=O)[C@@H](O)[C@@H](C)O)[C@@H]1Cc2cc3cc(O[C@H]4C[C@@H](O[C@H]5C[C@@H](O)[C@H](O)[C@@H](C)O5)[C@H](O)[C@@H](C)O4)c(C)c(O)c3c(O)c2C(=O)[C@H]1O[C@H]1C[C@@H](O[C@H]2C[C@@H](O[C@H]3C[C@](C)(O)[C@H](O)[C@@H](C)O3)[C@@H](O)[C@@H](C)O2)[C@H](O)[C@@H](C)O1,"InChI=1S/C52H76O24/c1-18-29(72-34-14-30(43(58)21(4)68-34)73-33-13-28(54)42(57)20(3)67-33)12-26-10-25-11-27(49(66-9)48(63)41(56)19(2)53)50(47(62)39(25)46(61)38(26)40(18)55)76-36-16-31(44(59)23(6)70-36)74-35-15-32(45(60)22(5)69-35)75-37-17-52(8,65)51(64)24(7)71-37/h10,12,19-24,27-28,30-37,41-45,49-51,53-61,64-65H,11,13-17H2,1-9H3/t19-,20-,21-,22-,23-,24-,27+,28-,30-,31-,32-,33+,34+,35+,36+,37+,41+,42-,43-,44-,45+,49+,50+,51-,52+/m1/s1",CO[C@H](C(=O)[C@@H](O)[C@@H](C)O)[C@@H]1Cc2cc3cc(O[C@H]4C[C@@H](O[C@H]5C[C@@H](O)[C@H](O)[C@@H](C)O5)[C@H](O)[C@@H](C)O4)c(C)c(O)c3c(O)c2C(=O)[C@H]1O[C@H]1C[C@@H](O[C@H]2C[C@@H](O[C@H]3C[C@](C)(O)[C@H](O)[C@@H](C)O3)[C@@H](O)[C@@H](C)O2)[C@H](O)[C@@H](C)O1,plicamycin,Plicamycin,NCGC00162423-04,,INACTIVE,LOW,HIGH,HIGH,MODERATE,LOW,MODERATE,HIGH,INCONCLUSIVE,MODERATE,HIGH,HIGH,MODERATE,LOW,HIGH,HIGH,LOW,INACTIVE,MODERATE,HIGH,LOW,INACTIVE,-0.23,-2.92,2020.62,1304.56,1.5489,2.19272,2896.62,2301.75,1614.12,802.625,441.5,229.75,90.125,21.0,122.5,29.75,17.0,8.375,4.0,1.375,0.375,0.0,613.375,250.25,105.125,29.5,0.75,0.0,1792.5,923.875,494.375,237.875,64.0,4.125,0.0205932,0.0293185,0.034530800000000014,0.0707806,2.22039,1.76439,1.2373,0.615247,0.338429,0.17611300000000002,0.0690848,0.016097399999999998,0.00644071,0.0519623,0.0716904,0.117647,0.0939016,0.0228047,0.0130312,0.006419800000000001,0.00306618,0.0010539999999999998,0.00028745400000000003,0.0,25.9706,27.4328,3.61188,0.06438060000000001,101.998,1083.13,5.66431,0.171646,2,-0.733006,-0.387,-7.47,399.06,905.497,0.305897,0.440708,-1.7797599999999998,-2.74587,-3.6237,-3.99935,-4.3848,-5.16319,-5.5734,0.0,29.5583,4.01774,0.406972,0.0330003,0.00112958,1.49e-05,1.48e-07,103.478,110.158,110.158,110.404,110.404,108.185,103.342,103.342,103.342,103.342,-7.40147,-7.308689999999999,-6.87248,-6.00871,-5.04258,-4.16389,-3.78455,-3.38588,-2.4597,-1.48478,-0.58516,19.8994,-0.519895,-4.32273,-13.6178,-7.6196,65.9688,0,-4.17758,3.5124699999999995,0.116787,-0.0418815,0.131589,25.125,9.875,7.875,3.875,2.0,0.25,0.125,0.0,1
MOL2376,4716.0,Cc1ccc(C(=O)Nc2ccc(CN3CCN(C)CC3)c(C(F)(F)F)c2)cc1C#Cc1cnc2cccnn12,"InChI=1S/C29H27F3N6O/c1-20-5-6-22(16-21(20)8-10-25-18-33-27-4-3-11-34-38(25)27)28(39)35-24-9-7-23(26(17-24)29(30,31)32)19-37-14-12-36(2)13-15-37/h3-7,9,11,16-18H,12-15,19H2,1-2H3,(H,35,39)",Cc1ccc(C(=O)Nc2ccc(CN3CCN(C)CC3)c(C(F)(F)F)c2)cc1C#Cc1cnc2cccnn12,ponatinib,Ponatinib,"NCGC00263152-14, NCGC00263152-02",,INACTIVE,LOW,HIGH,HIGH,HIGH,HIGH,MODERATE,HIGH,MODERATE,HIGH,HIGH,LOW,HIGH,LOW,HIGH,HIGH,LOW,INACTIVE,HIGH,HIGH,HIGH,HIGH,3.94,-5.26,1122.75,759.8989999999999,1.4775,1.7543799999999998,1926.12,1183.12,693.375,292.125,134.375,56.5,26.75,10.25,358.625,183.5,102.5,69.375,50.875,38.375,28.5,18.5,211.5,29.0,11.875,4.125,1.125,0.0,774.625,319.5,138.5,53.875,20.75,3.875,0.0392963,0.103429,0.289564,0.6069720000000001,2.53471,1.55695,0.912456,0.3844260000000001,0.176833,0.074352,0.035202,0.0134886,0.0489616,0.14643499999999998,0.213377,0.278331,0.471938,0.241479,0.13488599999999998,0.091295,0.0669497,0.0505001,0.037505,0.0243453,1.31098,0.8144140000000001,3.78335,0.737571,56.448,533.567,2.04737,0.227486,1,0.0802722,5.238,1.978,77.12,682.779,0.101487,0.11295,0.589023,2.16168,3.63346,4.18438,4.63044,5.12491,5.22049,0.8845799999999999,5.53e-06,0.000896581,0.0763225,2.46263,24.6623,77.0669,96.0473,44.923,45.5736,41.9885,38.1769,40.8001,16.3512,13.035,19.3209,9.49541,0.0,-6.3269800000000025,1.33683,-0.124568,-1.5683200000000002,-3.24846,-4.72242,-5.27336,-5.71942,-6.21389,-6.30947,-6.2781699999999985,100.0,0.867799,0.3849260000000001,-4.11865,-0.242745,19.8715,0,-3.81258,-4.16995,1.55047,0.476876,-0.27437399999999995,98.75,71.375,33.0,20.625,12.75,4.75,4.25,5.75,1
MOL353,583.0,CC(=O)N[C@H](Cc1ccc2ccccc2c1)C(=O)N[C@H](Cc1ccc(Cl)cc1)C(=O)N[C@H](Cc1cccnc1)C(=O)N[C@@H](CO)C(=O)N[C@@H](Cc1ccc(O)cc1)C(=O)N[C@H](CCCNC(N)=O)C(=O)N[C@@H](CC(C)C)C(=O)N[C@@H](CCCNC(=N)N)C(=O)N1CCC[C@H]1C(=O)N[C@H](C)C(N)=O,"InChI=1S/C70H92ClN17O14/c1-39(2)31-52(61(94)82-51(15-9-28-77-69(73)74)68(101)88-30-10-16-58(88)67(100)79-40(3)59(72)92)83-60(93)50(14-8-29-78-70(75)102)81-63(96)54(34-43-20-25-49(91)26-21-43)86-66(99)57(38-89)87-65(98)56(36-45-11-7-27-76-37-45)85-64(97)55(33-42-18-23-48(71)24-19-42)84-62(95)53(80-41(4)90)35-44-17-22-46-12-5-6-13-47(46)32-44/h5-7,11-13,17-27,32,37,39-40,50-58,89,91H,8-10,14-16,28-31,33-36,38H2,1-4H3,(H2,72,92)(H,79,100)(H,80,90)(H,81,96)(H,82,94)(H,83,93)(H,84,95)(H,85,97)(H,86,99)(H,87,98)(H4,73,74,77)(H3,75,78,102)/t40-,50-,51+,52+,53-,54+,55-,56-,57+,58+/m1/s1",CC(=O)N[C@H](Cc1ccc2ccccc2c1)C(=O)N[C@H](Cc1ccc(Cl)cc1)C(=O)N[C@H](Cc1cccnc1)C(=O)N[C@@H](CO)C(=O)N[C@@H](Cc1ccc(O)cc1)C(=O)N[C@H](CCCNC(N)=O)C(=O)N[C@@H](CC(C)C)C(=O)N[C@@H](CCCNC(=N)N)C(=O)N1CCC[C@H]1C(=O)N[C@H](C)C(N)=O,cetrorelix,Cetrorelix,NCGC00485296-01,Has more than 100 non-H atoms,INACTIVE,LOW,LOW,LOW,INACTIVE,LOW,INACTIVE,LOW,INACTIVE,LOW,,,MODERATE,LOW,HIGH,HIGH,LOW,INACTIVE,MODERATE,HIGH,LOW,INACTIVE,,,2955.5,1852.85,1.59511,2.53749,4377.75,3052.38,1897.25,919.0,510.0,278.5,129.5,30.625,590.0,304.75,141.875,77.5,43.625,26.125,17.25,10.375,860.25,271.375,114.0,44.25,14.125,1.5,1932.0,937.875,523.625,281.125,116.125,18.125,0.017312,0.049334,0.0916917,0.118126,2.36271,1.64739,1.02396,0.495992,0.275252,0.150309,0.0698923,0.016528599999999997,0.0361737,0.0697833,0.106433,0.177372,0.31842800000000004,0.164476,0.07657119999999999,0.0418274,0.0235448,0.0140999,0.00930998,0.00559948,3.59471,3.59355,8.35758,0.279132,146.844,1432.05,8.08485,0.13939400000000002,1,-1.61317,1.047,-9.0,497.35,1355.5,0.268424,0.366912,-3.05487,-2.57111,-2.45749,-2.42942,-2.37238,-1.9996,-1.50381,0.0,0.0,0.0,0.0,0.0,0.0,0.0,0.0,141.474,152.205,175.687,148.481,148.019,137.785,105.536,114.351,110.846,103.056,-12.059,-6.09086,-7.0411600000000005,-7.93335,-8.43847,-8.55428,-8.58252,-8.639619999999999,-9.01241,-9.50821,-9.34704,99.8095,-0.127236,-4.94172,-17.5422,-8.95986,0.0,0,-8.37092,-1.48826,0.482131,-0.416141,0.173129,0.0,1.625,1.625,2.5,0.5,0.125,1.625,0.875,1
MOL2245,4318.0,CN(C)C/C=C/C(=O)Nc1cc2c(Nc3ccc(F)c(Cl)c3)ncnc2cc1O[C@H]1CCOC1,"InChI=1S/C24H25ClFN5O3/c1-31(2)8-3-4-23(32)30-21-11-17-20(12-22(21)34-16-7-9-33-13-16)27-14-28-24(17)29-15-5-6-19(26)18(25)10-15/h3-6,10-12,14,16H,7-9,13H2,1-2H3,(H,30,32)(H,27,28,29)/b4-3+/t16-/m0/s1",CN(C)C/C=C/C(=O)Nc1cc2c(Nc3ccc(F)c(Cl)c3)ncnc2cc1O[C@H]1CCOC1,afatinib,Afatinib (BIBW2992),"NCGC00185000-18, NCGC00185000-03",,INACTIVE,LOW,,,,,,,,,LOW,MODERATE,MODERATE,LOW,MODERATE,HIGH,LOW,INACTIVE,MODERATE,HIGH,HIGH,HIGH,3.79,-4.58,1015.75,679.459,1.49494,1.63958,1672.12,1102.38,661.375,273.875,126.5,51.625,16.125,3.625,262.625,116.375,72.375,47.875,32.875,22.5,16.0,10.5,223.5,50.875,21.625,8.75,2.5,0.0,723.75,287.5,134.625,51.375,15.0,2.125,0.0496449,0.128938,0.320137,0.7541260000000001,2.46096,1.6224299999999998,0.973384,0.4030780000000001,0.186177,0.07597949999999999,0.0237321,0.00533512,0.0220331,0.07416310000000001,0.121544,0.160254,0.38652,0.171276,0.106518,0.07046039999999999,0.048384,0.033114599999999994,0.0235481,0.0154535,1.74784,1.07833,3.22651,1.12646,51.37600000000001,486.946,2.36238,0.236238,1,0.241213,4.117,-1.2,107.16,572.299,0.15771400000000002,0.187245,0.650837,1.34719,2.27855,2.76001,3.21904,3.8866,4.0561,0.623038,0.000318694,0.010676,0.13938,1.41955,12.621,58.8177,86.9121,36.8751,35.8194,35.0828,31.6755,35.4017,25.7947,26.8,30.502,24.8882,5.8995,-5.18877,-0.135122,-1.0521200000000002,-1.72077,-2.41891,-3.3503199999999995,-3.83178,-4.29081,-4.95837,-5.12787,-4.92862,90.6311,0.474554,-0.0217952,-4.69814,-0.7752100000000001,41.6941,0,-3.19605,-2.77356,0.488842,0.506812,0.220823,100.375,63.75,44.25,28.25,17.625,9.25,6.125,3.5,1
MOL3612,,c1ccc(-c2nc[nH]c2-c2ccccc2)cc1,"InChI=1S/C15H12N2/c1-3-7-12(8-4-1)14-15(17-11-16-14)13-9-5-2-6-10-13/h1-11H,(H,16,17)",c1ccc(cc1)c1[nH]cnc1c1ccccc1,,"4,5-Diphenylimidazole",,,INACTIVE,LOW,INACTIVE,LOW,INACTIVE,LOW,INACTIVE,LOW,INACTIVE,LOW,INACTIVE,LOW,LOW,INACTIVE,HIGH,HIGH,LOW,INACTIVE,MODERATE,HIGH,LOW,INACTIVE,3.7,-3.83,543.125,376.735,1.44166,1.26598,890.5,411.75,171.625,48.375,19.875,8.375,2.0,0.0,288.125,159.0,67.375,45.75,33.875,22.875,16.0,8.5,45.125,10.0,3.0,0.875,0.0,0.0,181.625,51.0,23.25,10.0,3.375,0.0,0.0728209,0.388339,1.09376,1.72578,2.36373,1.09294,0.455559,0.128406,0.052756,0.0222305,0.00530878,0.0,0.026691900000000005,0.0308787,0.0444208,0.0621076,0.764796,0.422048,0.178839,0.121438,0.0899174,0.06071910000000001,0.0424702,0.0225623,0.294991,0.18306,4.7606,16.3051,27.044,220.269,0.663713,0.331856,0,0.7306729999999999,3.567,2.914,24.66,352.075,0.06545720000000001,0.070042,3.09405,3.48882,3.55851,3.56429,3.56611,3.56653,3.5632,1.99965,4.82347,33.6339,83.5198,98.0641,99.7943,99.8927,99.129,18.8034,15.9294,16.1842,0.0,4.7664,0.0,0.0,0.0,0.0,0.0,-3.72845,-1.45737,-2.41451,-3.25549,-3.65026,-3.71996,-3.72573,-3.72755,-3.72798,-3.72465,-3.69196,94.1254,0.399222,1.50289,-1.62057,0.330298,61.3631,0,-3.36001,-0.8386100000000001,0.802053,-0.388602,0.0267557,0.0,0.0,0.0,0.0,0.0,0.0,0.0,0.0,0
MOL4950,,O=C(CCCCCN1C(=O)c2cccc3cccc(c23)C1=O)NO,"InChI=1S/C18H18N2O4/c21-15(19-24)10-2-1-3-11-20-17(22)13-8-4-6-12-7-5-9-14(16(12)13)18(20)23/h4-9,24H,1-3,10-11H2,(H,19,21)",O=C(CCCCCN1C(=O)c2cccc3cccc(c23)C1=O)NO,,Scriptaid,,,INACTIVE,LOW,,,,,,,,,,,MODERATE,LOW,LOW,INACTIVE,LOW,INACTIVE,LOW,INACTIVE,HIGH,HIGH,1.71,-4.44,711.125,482.718,1.47317,1.40239,1416.88,1004.5,592.75,263.5,145.375,73.625,29.125,4.5,218.25,125.25,66.75,44.375,30.375,21.75,16.125,11.25,190.125,61.75,24.75,5.5,0.0,0.0,671.25,306.25,162.75,76.75,21.25,0.625,0.152593,0.366273,0.780752,0.880919,2.9352,2.08093,1.22794,0.545868,0.30116,0.152522,0.0603355,0.00932222,0.115021,0.182176,0.25598200000000004,0.313765,0.452128,0.259468,0.13828,0.0919274,0.062925,0.0450574,0.0334046,0.0233056,2.1779,1.65915,7.57415,0.55253,33.498000000000005,326.346,2.3614,0.337343,0,0.451312,2.231,-1.624,86.48,396.23800000000006,0.179152,0.21825300000000009,2.23098,2.2308,2.22897,2.2246200000000003,2.2111400000000003,2.0643,1.4772,1.99799,99.9995,99.9953,99.9532,99.5341,95.5281,68.1141,17.6018,15.7824,17.0117,17.0117,13.1139,12.258,3.67176,8.929269999999997,7.8023,1.5631,0.0,-3.82829,-3.82829,-3.82828,-3.82827,-3.82808,-3.82626,-3.82191,-3.80842,-3.66159,-3.07449,-2.15513,76.8876,0.125412,0.258374,-3.89346,-0.348546,77.8496,0,-3.61595,0.5155529999999999,0.550836,0.366333,0.12869,21.5,14.5,4.375,3.875,1.25,2.75,3.625,2.5,1
MOL1129,1819.0,CO[C@@]12[C@H](COC(N)=O)C3=C(C(=O)C(C)=C(N)C3=O)N1C[C@@H]1N[C@@H]12,"InChI=1S/C15H18N4O5/c1-5-9(16)12(21)8-6(4-24-14(17)22)15(23-2)13-7(18-13)3-19(15)10(8)11(5)20/h6-7,13,18H,3-4,16H2,1-2H3,(H2,17,22)/t6-,7+,13+,15-/m1/s1",CO[C@@]12[C@H](COC(N)=O)C3=C(C(=O)C(C)=C(N)C3=O)N1C[C@@H]1N[C@@H]12,mitomycin,Mitomycin C,"NCGC00163468-12, NCGC00163468-06",,INACTIVE,LOW,LOW,HIGH,INACTIVE,LOW,MODERATE,HIGH,INACTIVE,LOW,INACTIVE,LOW,LOW,INACTIVE,LOW,INACTIVE,LOW,INACTIVE,LOW,INACTIVE,LOW,INACTIVE,-0.6,-1.52,649.75,448.483,1.44877,1.37451,1233.38,954.875,595.25,283.625,155.875,85.0,39.375,13.0,58.5,28.375,16.5,12.875,10.375,5.375,3.0,1.5,454.75,151.875,72.75,32.75,13.625,4.125,618.625,284.0,150.0,77.125,32.875,3.5,0.0410823,0.08281269999999999,0.233018,0.497968,2.7501,2.12912,1.32725,0.63241,0.347561,0.189528,0.087796,0.0289866,0.075625,0.179626,0.219292,0.27421,0.13044,0.0632688,0.0367907,0.0287079,0.0231335,0.0119848,0.00668922,0.00334461,9.44697,6.601939999999999,3.89495,0.14626,33.58,336.343,1.04238,0.130298,2,0.551371,-1.601,-2.613,160.0,288.483,0.356758,0.554625,-5.24861,-5.10363,-4.97256,-4.77821,-4.44861,-3.5497,-2.60147,0.0,2.13e-06,7.79e-05,0.00106165,0.0110152,0.110458,1.09412,9.9606,12.9204,15.1283,14.5972,13.3253,15.2573,14.8351,10.7704,14.1332,13.573,7.34726,-1.18097,3.94696,3.03448,2.46981,2.32197,2.19062,1.99624,1.66664,0.767724,-0.180497,-0.901175,0.0,0.0298116,-1.59505,-11.0113,-2.73524,100.0,0,1.71917,-2.11057,-0.528605,-0.447314,0.4301640000000001,1.625,0.25,0.625,0.625,0.375,0.25,0.125,0.25,0
MOL1084,1764.0,CC[C@@H](CO)NC(=O)[C@@H]1C=C2c3cccc4[nH]cc(c34)C[C@H]2N(C)C1,"InChI=1S/C20H25N3O2/c1-3-14(11-24)22-20(25)13-7-16-15-5-4-6-17-19(15)12(9-21-17)8-18(16)23(2)10-13/h4-7,9,13-14,18,21,24H,3,8,10-11H2,1-2H3,(H,22,25)/t13-,14+,18-/m1/s1",CC[C@@H](CO)NC(=O)[C@@H]1C=C2c3cccc4[nH]cc(c34)C[C@H]2N(C)C1,methylergometrine,Methergine,NCGC00017258-05,,INACTIVE,LOW,INACTIVE,LOW,INACTIVE,LOW,INACTIVE,LOW,INACTIVE,LOW,INACTIVE,LOW,MODERATE,LOW,MODERATE,LOW,LOW,INACTIVE,MODERATE,HIGH,LOW,INACTIVE,1.74,-3.22,758.0,521.0880000000002,1.45465,1.47561,1273.75,792.375,434.5,184.125,93.5,46.375,17.0,4.125,235.5,114.625,56.25,33.75,22.125,15.625,11.625,6.375,193.75,64.0,23.875,4.75,0.0,0.0,470.75,198.75,106.125,51.875,17.625,4.125,0.0647577,0.216642,0.518154,0.3925030000000001,2.44441,1.52062,0.833832,0.353347,0.17943199999999998,0.0889965,0.0326241,0.00791613,0.0675483,0.177814,0.255104,0.294964,0.451939,0.219972,0.107947,0.0647683,0.0424592,0.0299853,0.0223091,0.012234,1.66222,1.37407,6.7568800000000016,0.5737,38.155,339.431,0.848651,0.121236,0,0.464747,1.726,-2.04,64.6,456.48800000000006,0.123971,0.141515,-0.27100100000000005,0.6801189999999999,1.42187,1.60515,1.68403,1.7215900000000002,1.72535,1.85686,0.0984257,0.975614,8.96865,49.6279,90.7849,98.9904,99.8497,26.7091,22.6795,23.7437,16.3572,20.5893,18.6252,2.56745,13.2844,12.4373,2.46315,-3.38213,0.000121117,-0.496136,-1.38513,-2.33625,-3.0780000000000003,-3.26129,-3.34016,-3.37773,-3.3814800000000003,-3.37997,69.8346,0.5482739999999999,0.630867,-4.11017,-0.441344,64.9561,0,-2.38786,-1.8795,1.00472,0.14338199999999998,-0.37001,73.125,40.0,22.375,15.75,12.875,8.25,4.75,1.75,1
MOL2038,3539.0,O=C(Nc1ccccc1)c1ccccc1O,"InChI=1S/C13H11NO2/c15-12-9-5-4-8-11(12)13(16)14-10-6-2-1-3-7-10/h1-9,15H,(H,14,16)",O=C(Nc1ccccc1)c1ccccc1O,salicylanilide,Salicylanilide,,,INACTIVE,LOW,,,,,,,,,,,LOW,INACTIVE,LOW,INACTIVE,LOW,INACTIVE,LOW,INACTIVE,LOW,INACTIVE,2.65,-3.17,513.375,360.015,1.42598,1.25118,864.375,451.875,218.625,78.0,38.75,17.875,7.375,1.375,223.875,120.375,45.5,24.5,16.0,8.25,4.375,0.75,23.875,5.625,1.5,0.125,0.0,0.0,231.75,85.25,42.75,20.0,8.125,0.0,0.0947609,0.382082,1.09155,1.6554,2.4009400000000003,1.25516,0.607267,0.216658,0.107634,0.049650699999999985,0.0204853,0.00381929,0.034507199999999995,0.0481816,0.0846597,0.205537,0.62185,0.334361,0.126384,0.0680528,0.0444426,0.0229157,0.0121523,0.00208325,0.851648,0.729592,4.71129,4.08894,23.514,212.224,0.423004,0.211502,1,0.762473,2.6630000000000003,0.319,52.16,307.855,0.14488299999999998,0.169431,2.6570400000000003,2.60677,2.28609,1.93334,1.49358,0.5352680000000001,-0.344268,1.3627,99.8619,98.6361,87.8518,41.966,6.7404199999999985,0.713968,0.06840030000000001,10.3942,11.890999999999998,5.10282,5.24461,5.61612,0.0,0.0,2.39868,0.0,0.0,-2.82899,-2.82893,-2.82839,-2.82303,-2.77276,-2.45208,-2.09933,-1.6595799999999998,-0.70126,0.178405,0.7761359999999999,75.9151,-0.25887,0.7482260000000001,-1.38019,0.164293,82.9043,0,-1.76604,1.9793,1.00911,-0.176722,-0.350109,7.375,5.0,2.0,2.5,4.25,5.0,2.75,0.625,0
MOL1929,3207.0,CCOc1ccc2c3c1O[C@H]1[C@@H](O)C=C[C@H]4[C@@H](C2)N(C)CC[C@]314,"InChI=1S/C19H23NO3/c1-3-22-15-7-4-11-10-13-12-5-6-14(21)18-19(12,8-9-20(13)2)16(11)17(15)23-18/h4-7,12-14,18,21H,3,8-10H2,1-2H3/t12-,13+,14-,18-,19-/m0/s1",CCOc1ccc2c3c1O[C@H]1[C@@H](O)C=C[C@H]4[C@@H](C2)N(C)CC[C@]314,ethylmorphine,Ethylmorphine,,,INACTIVE,LOW,LOW,MODERATE,INACTIVE,LOW,INACTIVE,LOW,INACTIVE,LOW,,,LOW,INACTIVE,LOW,INACTIVE,LOW,INACTIVE,LOW,INACTIVE,LOW,INACTIVE,1.72,-2.58,686.0,451.244,1.52024,1.31391,983.875,535.0,249.625,105.375,52.5,23.125,7.0,1.125,210.25,72.75,22.25,10.25,5.25,2.625,1.75,1.125,173.75,54.875,22.875,7.125,0.875,0.0,289.875,114.5,57.375,24.375,5.875,0.0,0.0449255,0.190045,0.51813,0.950386,2.18036,1.18561,0.553193,0.233521,0.116345,0.05124730000000001,0.0155127,0.00249311,0.0177414,0.0789543,0.140102,0.259393,0.465934,0.161221,0.0493082,0.022715,0.0116345,0.00581726,0.00387817,0.00249311,2.35955,2.2561,4.3191,0.715957,36.186,314.399,0.210249,0.042049800000000005,1,0.59013,1.789,0.000999685,54.5,396.744,0.120777,0.13736800000000002,-1.35826,-0.581163,0.373793,0.837024,1.24254,1.69135,1.77816,0.989328,0.00396472,0.039633,0.394922,3.81367,28.3918,79.8581,97.5334,17.6942,15.7428,17.0273,13.3848,14.2576,13.6353,3.92759,11.6817,11.6817,0.0,-2.54053,0.954058,0.908185,0.6067239999999999,-0.17037,-1.12533,-1.58856,-1.99407,-2.44289,-2.52972,-2.5394400000000004,58.6548,0.514649,0.689095,-3.30767,-0.0242075,70.0988,0,-0.942565,-2.33698,0.261962,0.768752,-0.147396,7.0,1.875,0.5,0.75,1.125,0.375,0.25,0.375,0
MOL1063,1727.0,C=C1c2cccc(O)c2C(=O)C2=C(O)[C@]3(O)C(=O)C(C(N)=O)=C(O)[C@@H](N(C)C)[C@@H]3[C@@H](O)[C@H]12,"InChI=1S/C22H22N2O8/c1-7-8-5-4-6-9(25)11(8)16(26)12-10(7)17(27)14-15(24(2)3)18(28)13(21(23)31)20(30)22(14,32)19(12)29/h4-6,10,14-15,17,25,27-29,32H,1H2,2-3H3,(H2,23,31)/t10-,14-,15+,17+,22+/m1/s1",C=C1c2cccc(O)c2C(=O)C2=C(O)[C@]3(O)C(=O)C(C(N)=O)=C(O)[C@@H](N(C)C)[C@@H]3[C@@H](O)[C@H]12,metacycline,Methacycline hydrochloride,,,LOW,LOW,MODERATE,MODERATE,INACTIVE,LOW,INACTIVE,LOW,INACTIVE,LOW,INACTIVE,LOW,LOW,INACTIVE,HIGH,HIGH,LOW,INACTIVE,HIGH,HIGH,LOW,INACTIVE,-0.57,-2.59,806.625,518.992,1.55421,1.3783,1463.12,1068.62,682.5,335.0,184.625,100.5,42.875,8.625,151.875,69.875,34.375,20.875,13.75,9.625,6.875,3.375,381.375,125.0,45.25,14.125,1.25,0.0,744.25,369.25,203.5,103.625,35.875,2.75,0.0984895,0.21838,0.483895,0.793944,2.81916,2.05904,1.31505,0.6454810000000001,0.355737,0.193644,0.082612,0.0166187,0.081585,0.141952,0.213075,0.258167,0.292634,0.13463599999999998,0.0662341,0.0402222,0.0264936,0.018545500000000003,0.0132468,0.00650298,5.37091,4.8143699999999985,5.6712,0.255002,43.893,442.419,0.315198,0.035022000000000005,2,0.419808,-0.682,-6.221,192.62,326.372,0.371142,0.590184,-2.99324,-2.98683,-3.01878,-3.09312,-3.2942,-4.47598,-6.28787,0.0,0.0,0.0,0.0,0.0,0.0,0.0,0.0,22.4205,26.734,26.734,28.253,29.0283,29.0283,24.5248,25.9918,25.9918,24.4728,-1.97526,0.8256610000000001,0.421585,0.335979,0.329569,0.361516,0.435863,0.637033,1.82766,4.13547,6.88479,34.4109,0.0634369,-1.65471,-6.96277,-3.32381,100.0,0,1.45939,2.39215,2.41215,0.97547,0.128874,2.875,2.0,1.375,1.625,0.625,0.375,0.125,0.25,0
MOL861,1401.0,Cc1cc(=O)oc2cc(O)ccc12,"InChI=1S/C10H8O3/c1-6-4-10(12)13-9-5-7(11)2-3-8(6)9/h2-5,11H,1H3",Cc1cc(=O)oc2cc(O)ccc12,hymecromone,4-Methylumbelliferone,"NCGC00016345-14, NCGC00016345-09",,INACTIVE,LOW,INACTIVE,LOW,INACTIVE,LOW,INACTIVE,LOW,INACTIVE,LOW,INACTIVE,LOW,HIGH,HIGH,LOW,INACTIVE,LOW,INACTIVE,LOW,INACTIVE,LOW,INACTIVE,2.19,-1.95,404.625,296.597,1.3642299999999998,1.18705,865.375,592.875,311.75,128.375,58.125,28.25,8.5,0.0,128.0,63.0,35.375,21.125,13.375,7.0,4.125,1.0,90.625,28.875,10.5,1.625,0.0,0.0,345.5,147.125,68.125,30.25,7.875,0.0,0.1649,0.443925,1.08101,1.98012,2.91768,1.99893,1.05109,0.432827,0.195973,0.0952472,0.0286584,0.0,0.0820875,0.0963509,0.114222,0.226323,0.431562,0.21241,0.11927,0.0712247,0.0450949,0.0236011,0.0139078,0.00337158,1.6431099999999998,1.33728,4.22772,1.57359,18.168,176.169,1.1e-06,5.48e-07,0,0.935174,1.57,-1.76,46.53,250.067,0.15688,0.18607,1.56975,1.56754,1.54604,1.49834,1.37487,0.746328,-0.183827,1.94558,99.9943,99.9433,99.4357,94.6298,63.7959,14.9813,1.7316,8.82317,11.9033,11.3281,15.1057,15.1057,0.0,0.40422,0.40422,0.0,0.0,-1.9486900000000005,-1.9486900000000005,-1.94867,-1.94845,-1.94624,-1.92473,-1.87703,-1.7535599999999998,-1.12502,-0.194865,0.734355,59.2551,-0.101617,0.6934279999999999,-2.65539,0.193705,100.0,0,-1.4399,1.12109,0.943561,0.340206,-0.0974875,0.0,0.0,0.0,0.0,0.0,0.0,0.0,0.0,1
MOL6016,,CCN(CC)C(=O)N[C@@H]1C=C2c3cccc4[nH]cc(c34)C[C@@H]2N(C)C1,"InChI=1S/C20H26N4O/c1-4-24(5-2)20(25)22-14-10-16-15-7-6-8-17-19(15)13(11-21-17)9-18(16)23(3)12-14/h6-8,10-11,14,18,21H,4-5,9,12H2,1-3H3,(H,22,25)/t14-,18+/m1/s1",CCN(CC)C(=O)N[C@@H]1C=C2c3cccc4[nH]cc(C[C@@H]2N(C)C1)c34,,"(-)-(5S,8R)-Lisuride",,,INACTIVE,LOW,INACTIVE,LOW,INACTIVE,LOW,INACTIVE,LOW,INACTIVE,LOW,INACTIVE,LOW,MODERATE,MODERATE,HIGH,LOW,LOW,INACTIVE,HIGH,HIGH,LOW,INACTIVE,2.38,-3.38,790.375,538.4830000000002,1.46778,1.48662,1160.5,570.5,255.125,93.25,44.375,22.0,9.25,1.25,316.0,142.0,70.25,42.125,28.625,20.25,13.375,8.5,76.0,20.0,7.375,2.125,0.0,0.0,275.875,97.875,49.875,25.875,9.875,1.375,0.031167700000000007,0.165962,0.599091,1.01063,2.15513,1.05946,0.473784,0.173172,0.08240739999999999,0.0408555,0.017177900000000003,0.00232133,0.0330768,0.112741,0.16325499999999998,0.224773,0.5868329999999999,0.263704,0.130459,0.07822899999999999,0.0531586,0.0376056,0.0248383,0.0157851,0.6316729999999999,0.522255,5.54651,1.77993,38.995,338.44699999999995,1.02831,0.146902,0,0.474282,2.928,0.07400010000000001,47.38,491.103,0.0879879,0.0964766,1.16545,2.09665,2.72958,2.85495,2.90355,2.92549,2.9277,1.91358,0.172285,1.6965400000000002,14.7181,63.3138,94.5229,99.4228,99.9312,22.3465,16.5733,19.7986,6.17362,15.1773,13.9886,0.0,3.97731,8.42165,0.0,-3.99913,-0.688193,-1.30845,-2.23658,-3.16778,-3.80071,-3.92608,-3.97467,-3.99662,-3.99883,-3.99863,85.1044,0.50844,1.19465,-2.70739,-0.116394,45.1105,0,-3.10693,-1.74603,1.04712,0.0160048,-0.337471,27.0,7.375,10.375,11.0,7.375,7.625,6.5,3.0,1
MOL2416,4829.0,CCOc1cc([C@@H](CS(C)(=O)=O)N2C(=O)c3cccc(NC(C)=O)c3C2=O)ccc1OC,"InChI=1S/C22H24N2O7S/c1-5-31-19-11-14(9-10-18(19)30-3)17(12-32(4,28)29)24-21(26)15-7-6-8-16(23-13(2)25)20(15)22(24)27/h6-11,17H,5,12H2,1-4H3,(H,23,25)/t17-/m1/s1",CCOc1cc([C@@H](CS(C)(=O)=O)N2C(=O)c3cccc(NC(C)=O)c3C2=O)ccc1OC,apremilast,Apremilast (CC-10004),,,INACTIVE,LOW,MODERATE,MODERATE,INACTIVE,LOW,INACTIVE,LOW,INACTIVE,LOW,,,LOW,INACTIVE,MODERATE,LOW,LOW,INACTIVE,LOW,INACTIVE,LOW,INACTIVE,1.86,-4.13,957.875,640.398,1.49575,1.59089,1537.75,1027.12,659.125,306.375,158.75,70.75,28.25,7.5,198.125,74.5,35.125,23.75,17.5,13.375,8.625,4.75,94.5,8.75,0.875,0.0,0.0,0.0,764.5,372.5,181.375,76.75,25.25,4.125,0.0356777,0.0776191,0.178479,0.366044,2.40124,1.60389,1.02924,0.478414,0.247893,0.110478,0.0441132,0.0117115,0.0303168,0.129408,0.16391,0.187909,0.30937800000000004,0.116334,0.054848699999999986,0.0370863,0.0273268,0.0208855,0.0134682,0.00741727,4.51957,2.97895,2.63294,0.289445,45.557,460.5,2.08344,0.17362,0,0.294488,0.769,-0.478,131.27200000000002,509.125,0.204986,0.257839,0.769,0.769,0.769,0.769,0.769,0.769,0.769,2.0,100.0,100.0,100.0,100.0,100.0,100.0,99.9999,29.1535,29.5835,20.1264,26.2113,22.789,0.0,16.2161,17.1566,0.0,0.0,-4.10234,-4.10234,-4.10234,-4.10234,-4.10234,-4.10234,-4.10234,-4.10234,-4.10234,-4.10234,-4.10234,50.3102,-0.08325110000000001,0.244273,-4.0951900000000006,-1.06474,48.1346,0,-4.10234,0.0,0.0,0.0,0.0,84.125,42.5,37.0,28.875,23.25,18.625,11.875,5.375,0
MOL5988,,Cc1ccc(C(=O)NCCCCCC(=O)Nc2ccccc2N)cc1,"InChI=1S/C20H25N3O2/c1-15-10-12-16(13-11-15)20(25)22-14-6-2-3-9-19(24)23-18-8-5-4-7-17(18)21/h4-5,7-8,10-13H,2-3,6,9,14,21H2,1H3,(H,22,25)(H,23,24)",Cc1ccc(C(=O)NCCCCCC(=O)Nc2ccccc2N)cc1,,RG2833,,,INACTIVE,LOW,,,,,,,,,,,HIGH,LOW,MODERATE,LOW,LOW,INACTIVE,LOW,INACTIVE,HIGH,MODERATE,2.61,-5.05,839.75,586.121,1.4327299999999998,1.58893,1451.12,840.75,420.375,158.5,79.5,37.375,14.375,1.0,308.875,156.5,85.875,50.0,29.625,16.625,9.375,3.375,129.5,43.0,17.875,7.0,1.75,0.0,403.125,149.125,76.375,37.125,12.625,0.0,0.0349667,0.105972,0.20228,0.20016,2.47581,1.43443,0.717216,0.270422,0.135638,0.0637667,0.0245257,0.00170613,0.0147838,0.0264257,0.0117868,0.0356055,0.526982,0.26701,0.146514,0.0853067,0.0505442,0.0283645,0.015995,0.0057582,0.925764,0.7475,1.68501,5.42882,38.795,339.431,3.25837,0.296216,0,0.446448,3.193,-1.262,84.22,501.901,0.143691,0.167802,3.16914,3.19055,3.19275,3.19291,3.19295,3.19275,3.19057,2.0,63.8969,94.652,99.4381,99.943,99.9888,99.9435,99.4423,24.2595,20.5596,21.3161,8.32638,20.743,15.7536,0.0,6.59974,5.76696,0.5248010000000001,-4.959,-4.13694,-4.76456,-4.9351400000000005,-4.95656,-4.95875,-4.95892,-4.95895,-4.95876,-4.95657,-4.93505,79.7511,-0.033824,0.708015,-3.15081,-0.7566579999999999,39.1212,0,-4.88761,-0.176923,0.224911,-0.185463,0.126193,62.125,36.25,3.5,12.5,11.25,6.25,4.125,1.875,1
MOL10413,,O=C1NS(=O)(=O)c2ccccc21,"InChI=1S/C7H5NO3S/c9-7-5-3-1-2-4-6(5)12(10,11)8-7/h1-4H,(H,8,9)",O=C1NS(=O)(=O)c2ccccc21,,Saccharin,,,INACTIVE,LOW,INACTIVE,LOW,INACTIVE,LOW,INACTIVE,LOW,INACTIVE,LOW,INACTIVE,LOW,MODERATE,MODERATE,LOW,MODERATE,LOW,INACTIVE,LOW,INACTIVE,LOW,INACTIVE,0.08,-1.45,363.75,273.695,1.32903,1.1705,867.75,668.625,434.625,228.5,113.0,41.875,13.375,0.625,82.625,43.25,7.25,1.5,0.125,0.0,0.0,0.0,0.0,0.0,0.0,0.0,0.0,0.0,481.125,254.875,125.625,43.25,11.75,0.0,0.214184,0.438396,0.8735850000000001,2.05828,3.1705,2.44295,1.58799,0.8348700000000001,0.412868,0.152999,0.0488682,0.00228356,0.149499,0.192854,0.436665,0.0,0.301887,0.158022,0.0264893,0.00548055,0.000456712,0.0,0.0,0.0,15.5862,27.9167,5.13612,0.08849320000000001,16.754,182.177,0.0,0.0,1,0.872225,0.718,-2.36,59.59,214.105,0.217724,0.278321,-2.1631,-2.66271,-2.76848,-2.77768,-2.78063,-2.78186,-2.78199,0.0,0.990099,0.0999001,0.009999,0.00099999,0.0001,1e-05,1e-06,4.2453699999999985,6.61361,0.0,9.19836,0.0,0.0,5.37296,0.0,0.0,0.0,0.363807,1.40383,2.35461,3.24491,3.74452,3.85029,3.85949,3.86244,3.86367,3.86379,3.86381,10.1764,-0.349904,-0.159276,-3.41196,-0.7449180000000001,100.0,0,3.43675,0.964929,-0.866138,0.379393,0.029518,2.5,4.0,0.75,0.75,0.5,0.0,0.0,0.0,1
MOL2244,4317.0,C[n+]1c2cc(N)ccc2cc2ccc(N)cc21,"InChI=1S/C14H13N3/c1-17-13-7-11(15)4-2-9(13)6-10-3-5-12(16)8-14(10)17/h2-8H,1H3,(H3,15,16)/p+1",C[n+]1c2cc(N)ccc2cc2ccc(N)cc21,euflavine,Acriflavine hydrochloride,,,INACTIVE,LOW,MODERATE,HIGH,LOW,MODERATE,HIGH,HIGH,LOW,HIGH,LOW,MODERATE,HIGH,HIGH,HIGH,HIGH,LOW,INACTIVE,MODERATE,HIGH,LOW,LOW,-1.69,-5.2,522.25,364.821,1.43152,1.25463,976.25,542.625,204.0,53.0,19.875,6.375,1.25,0.0,242.0,134.125,84.375,57.875,38.5,25.0,18.0,12.125,246.625,68.0,25.375,9.75,3.125,0.0,0.0,0.0,0.0,0.0,0.0,0.0,0.0323448,0.165443,0.384088,0.682917,2.67597,1.48737,0.559178,0.145277,0.054478699999999984,0.017474299999999998,0.00342634,0.0,0.0292895,0.048205300000000006,0.0614439,0.0786638,0.663339,0.367646,0.231278,0.158639,0.105531,0.0685267,0.0493392,0.0332355,0.235556,0.110151,2.01666,13.543,26.335,224.281,1.88e-06,6.26e-07,1,0.858683,-2.499,-0.33,56.37,308.451,0.154514,0.182752,-2.57361,-2.50676,-2.49978,-2.49925,-2.49908,-2.49901,-2.499,0.0,0.0,0.0,0.0,0.0,0.0,0.0,0.0,12.906,0.0,12.1885,0.0,0.0,13.5247,0.0,0.0,0.0,0.0,-1.58772,0.407307,-1.03174,-1.51311,-1.57996,-1.58694,-1.5874700000000002,-1.58764,-1.58771,-1.58772,-1.58772,67.8645,0.219162,0.320273,-3.65232,-1.84329,100.0,0,-1.40193,-0.473274,0.5643560000000001,-0.466448,0.276715,0.0,0.0,0.0,0.0,0.0,0.0,0.0,0.0,1
MOL610,1002.0,CCOc1c(N2CCOCC2)cnn(C)c1=O,"InChI=1S/C11H17N3O3/c1-3-17-10-9(8-12-13(2)11(10)15)14-4-6-16-7-5-14/h8H,3-7H2,1-2H3",CCOc1c(N2CCOCC2)cnn(C)c1=O,emorfazone,Emorfazone,,,INACTIVE,LOW,INACTIVE,LOW,INACTIVE,LOW,INACTIVE,LOW,INACTIVE,LOW,INACTIVE,LOW,LOW,INACTIVE,LOW,INACTIVE,LOW,INACTIVE,LOW,INACTIVE,LOW,INACTIVE,-0.18,-1.57,544.5,391.214,1.39182,1.33628,954.125,655.0,394.375,167.25,81.125,36.125,10.0,0.375,116.75,45.625,25.75,20.125,16.5,12.375,8.75,5.25,0.0,0.0,0.0,0.0,0.0,0.0,479.0,208.25,99.875,41.75,9.375,0.25,0.0234141,0.0659732,0.218866,1.16042,2.43888,1.67427,1.00808,0.427515,0.207367,0.0923407,0.0255614,0.000958553,0.0282664,0.1308,0.155513,0.175895,0.29843000000000003,0.116624,0.0658207,0.0514424,0.0421764,0.031632299999999995,0.0223662,0.0134197,3.15049,1.79503,1.47331,0.6455,24.176,239.271,0.558936,0.11178699999999996,0,0.745459,-0.603,-1.71,59.68,331.534,0.152551,0.18001099999999998,-0.603,-0.603,-0.603,-0.603,-0.603,-0.603,-0.603,2.0,99.9998,100.0,100.0,100.0,100.0,100.0,100.0,14.4337,13.1347,0.0,11.6726,0.0,0.0,11.0964,0.0,0.0,0.0,-1.92884,-1.92884,-1.92884,-1.92884,-1.92884,-1.92884,-1.92884,-1.92884,-1.92884,-1.92884,-1.92884,34.1191,-0.0185364,0.736363,-3.4601800000000003,-0.472602,88.85799999999998,0,-1.92884,0.0,0.0,0.0,0.0,0.5,2.0,0.0,0.375,1.25,0.75,0.375,0.125,0
MOL407,671.0,CN1CCC[C@@H]1CCO[C@](C)(c1ccccc1)c1ccc(Cl)cc1,"InChI=1S/C21H26ClNO/c1-21(17-7-4-3-5-8-17,18-10-12-19(22)13-11-18)24-16-14-20-9-6-15-23(20)2/h3-5,7-8,10-13,20H,6,9,14-16H2,1-2H3/t20-,21-/m1/s1",CN1CCC[C@@H]1CCO[C@](C)(c1ccccc1)c1ccc(Cl)cc1,clemastine,Clemastine fumarate,NCGC00016710-04,,INACTIVE,LOW,HIGH,HIGH,INACTIVE,LOW,HIGH,HIGH,HIGH,MODERATE,INACTIVE,LOW,LOW,INACTIVE,LOW,INACTIVE,HIGH,LOW,MODERATE,HIGH,LOW,INACTIVE,5.32,-5.93,832.375,553.003,1.50519,1.46908,1080.38,412.25,124.125,33.875,13.25,4.125,0.75,0.0,393.625,167.625,61.625,32.875,17.375,12.0,8.125,5.875,93.0,16.875,6.625,3.375,0.625,0.0,149.0,34.375,14.375,4.625,1.0,0.0,0.016459400000000003,0.21086,0.631084,0.914349,1.95365,0.745475,0.224456,0.06125650000000001,0.0239601,0.00745927,0.00135623,0.0,0.0310628,0.0939755,0.12903599999999998,0.149837,0.711796,0.303118,0.111437,0.0594482,0.0314194,0.0216997,0.0146925,0.0106238,0.21501,0.125475,6.60399,3.65957,41.674,344.898,1.96896,0.24612,1,0.394877,5.7170000000000005,6.146,23.94,529.063,0.0432909,0.04524980000000002,2.25266,2.4855,3.19636,3.66161,4.143,5.04601,5.58054,0.138456,0.000270743,0.00270737,0.0270671,0.270013,2.63607,21.306,73.0272,21.1866,12.2291,15.8478,0.0,8.25032,0.0,0.0,0.0,0.0,0.0,-4.6069,-1.10727,-1.1106,-1.14256,-1.3754,-2.08626,-2.55151,-3.0329,-3.93591,-4.47043,-4.59115,100.0,0.5156970000000001,1.39563,-0.926981,0.910625,32.0125,0,-2.50008,-2.2488900000000003,-0.587549,0.621386,0.307171,88.125,41.0,16.5,9.875,7.0,3.5,2.25,2.375,0
MOL61,115.0,COc1cc2nc(N(C)CCCNC(=O)C3CCCO3)nc(N)c2cc1OC,"InChI=1S/C19H27N5O4/c1-24(8-5-7-21-18(25)14-6-4-9-28-14)19-22-13-11-16(27-3)15(26-2)10-12(13)17(20)23-19/h10-11,14H,4-9H2,1-3H3,(H,21,25)(H2,20,22,23)",COc1cc2nc(N(C)CCCNC(=O)C3CCCO3)nc(N)c2cc1OC,alfuzosin,Alfuzosin hydrochloride,"NCGC00095152-05, NCGC00095152-07",,INACTIVE,LOW,LOW,MODERATE,INACTIVE,LOW,LOW,HIGH,INACTIVE,LOW,INACTIVE,LOW,HIGH,HIGH,LOW,INACTIVE,LOW,INACTIVE,LOW,INACTIVE,LOW,INACTIVE,1.52,-3.14,868.25,608.033,1.4279700000000002,1.62375,1497.75,985.375,605.5,243.75,117.25,46.75,16.5,2.625,165.5,81.375,45.875,31.5,24.875,20.125,14.625,9.75,152.375,39.625,15.5,6.25,1.25,0.0,682.0,294.125,135.625,55.125,16.125,2.25,0.00609333,0.0194561,0.177412,0.667547,2.46327,1.62059,0.995834,0.400883,0.192835,0.0768873,0.027136700000000003,0.004317199999999999,0.0167921,0.08927660000000001,0.147954,0.181872,0.272189,0.13383299999999998,0.07544819999999999,0.0518064,0.0409106,0.0330985,0.024053,0.0160353,2.55586,1.48413,3.11046,0.8041050000000001,40.746,389.449,2.74852,0.229043,0,0.39106,2.302,-1.859,118.78,489.253,0.195351,0.242778,-0.356509,0.5760770000000001,1.50274,1.87426,2.11711,2.27953,2.29955,1.51609,0.0188088,0.187969,1.84861,15.8493,65.3192,94.9551,99.4373,27.9463,27.7513,24.4412,22.5618,23.0262,12.3551,17.9931,15.0887,9.27015,0.0,-3.9468,-0.466825,-0.6491279999999999,-1.28829,-2.22087,-3.14754,-3.51906,-3.76191,-3.92432,-3.94435,-3.94505,67.2848,0.35995,0.331714,-4.38115,-0.773396,52.0629,0,-2.64359,-2.18855,0.7135090000000001,0.527323,-0.35147399999999995,37.75,31.875,25.75,24.125,19.875,13.875,8.125,4.375,1
MOL9659,,COc1ccc2c(c1)[C@@H]1C[C@]1(C(=O)N1[C@H]3CC[C@@H]1CN(C)C3)Cn1c-2c(C2CCCCC2)c2ccc(C(=O)N[S+](=O)([O-])N(C)C)cc21,"InChI=1S/C36H45N5O5S/c1-38(2)47(44,45)37-34(42)23-10-14-28-31(16-23)40-21-36(35(43)41-24-11-12-25(41)20-39(3)19-24)18-30(36)29-17-26(46-4)13-15-27(29)33(40)32(28)22-8-6-5-7-9-22/h10,13-17,22,24-25,30H,5-9,11-12,18-21H2,1-4H3,(H-,37,42,44,45)/t24-,25+,30-,36-/m0/s1",COc1ccc2c(c1)[C@@H]1C[C@]1(C(=O)N1[C@H]3CC[C@@H]1CN(C)C3)Cn1c-2c(C2CCCCC2)c2ccc(C(=O)N[S+](=O)([O-])N(C)C)cc21,,BMS-791325 hydrochloride,,,INACTIVE,LOW,,,,,,,,,,,HIGH,HIGH,HIGH,HIGH,LOW,INACTIVE,HIGH,HIGH,HIGH,LOW,4.47,-5.19,1368.5,848.635,1.61259,1.69868,1851.38,1058.88,579.25,240.75,115.0,40.75,17.375,5.625,372.0,158.875,74.0,38.25,24.375,16.75,12.75,9.25,216.625,26.375,9.75,3.625,1.125,0.25,672.5,278.125,129.75,48.0,21.0,5.625,0.0298451,0.109735,0.26053200000000004,0.370422,2.1815900000000004,1.24774,0.682567,0.283691,0.135512,0.04801830000000002,0.0204741,0.00662829,0.0248966,0.068803,0.12261199999999994,0.154069,0.4383510000000001,0.187212,0.0871989,0.0450724,0.0287226,0.0197376,0.015024100000000004,0.0108999,1.55405,1.06536,5.5265,0.906519,72.9811,660.846,1.92923,0.175385,1,-0.0762076,3.092,2.495,120.202,728.432,0.14164200000000002,0.16501500000000002,0.7623479999999999,0.786932,0.7718470000000001,0.7323609999999999,0.6291,0.132388,-0.297224,0.0,0.0,0.0,0.0,0.0,0.0,0.0,0.0,51.3727,50.2862,39.5756,45.6761,37.4546,22.0938,23.0365,28.6278,19.9741,0.0,-5.73026,-2.6682,-3.20667,-3.4006,-3.42519,-3.4101,-3.37062,-3.26736,-2.77064,-2.34103,-2.24291,100.0,-0.0368405,-0.183659,-4.0162900000000015,-2.18222,21.5342,0,-3.04084,0.470109,0.680179,-0.161974,-0.109752,101.25,45.25,18.25,16.375,11.625,7.375,5.375,3.75,1
MOL9037,,CC1=C(O)C(=O)C=C2C1=CC=C1[C@@]3(C)CC[C@@]4(C)CC[C@@](C)(C(=O)O)C[C@H]4[C@]3(C)CC[C@@]21C,"InChI=1S/C29H38O4/c1-17-18-7-8-21-27(4,19(18)15-20(30)23(17)31)12-14-29(6)22-16-26(3,24(32)33)10-9-25(22,2)11-13-28(21,29)5/h7-8,15,22,31H,9-14,16H2,1-6H3,(H,32,33)/t22-,25-,26-,27+,28-,29+/m1/s1",CC1=C(O)C(=O)C=C2C1=CC=C1[C@@]3(C)CC[C@@]4(C)CC[C@@](C)(C(=O)O)C[C@H]4[C@]3(C)CC[C@@]21C,,Celastrol,"NCGC00178913-11, NCGC00178913-04",,LOW,LOW,,,,,,,,,LOW,LOW,HIGH,HIGH,HIGH,HIGH,LOW,MODERATE,HIGH,HIGH,HIGH,HIGH,6.1,-5.3,955.375,589.239,1.62137,1.40779,1447.0,923.625,466.75,219.875,129.0,72.75,32.625,7.25,277.375,115.875,51.875,27.25,16.5,10.5,5.625,4.125,68.5,15.875,4.125,0.375,0.0,0.0,538.5,250.0,143.125,73.875,29.875,3.875,0.08428839999999999,0.275968,0.578984,0.828764,2.45571,1.56749,0.7921229999999999,0.373151,0.218926,0.123464,0.055368,0.012304,0.032184,0.0937365,0.183033,0.245884,0.470734,0.196652,0.0880373,0.0462461,0.0280022,0.0178196,0.00954621,0.00700056,2.48675,2.66972,5.8570699999999984,0.584813,49.8991,449.602,0.15557200000000002,0.0194465,1,0.301472,5.489,2.794,83.42,505.819,0.141572,0.164921,5.19032,4.45299,3.50231,3.03256,2.60973,2.09425,1.8721,0.0414848,90.9933,50.2559,9.17558,0.999831,0.100566,0.009751799999999998,0.000743383,27.1581,30.6213,30.6213,15.5045,15.5045,0.0,0.0,0.0,0.0,0.0,-5.13898,-5.1347,-5.098,-4.8403,-4.10297,-3.1522900000000003,-2.68254,-2.2597,-1.74402,-1.51945,-0.979007,89.7767,-0.25650500000000004,0.361066,-1.77309,-0.867383,52.8468,0,-3.22991,2.48163,-0.017900299999999997,-0.636456,0.208146,25.25,9.125,3.125,3.625,2.625,2.0,0.375,0.375,1
MOL1898,3114.0,Oc1ccc(Cl)c2cccnc12,"InChI=1S/C9H6ClNO/c10-7-3-4-8(12)9-6(7)2-1-5-11-9/h1-5,12H",Oc1ccc(Cl)c2cccnc12,cloxiquine,Cloxyquin,,,LOW,LOW,MODERATE,MODERATE,INACTIVE,LOW,INACTIVE,LOW,MODERATE,LOW,HIGH,HIGH,HIGH,LOW,MODERATE,HIGH,LOW,INACTIVE,HIGH,HIGH,LOW,INACTIVE,2.7,-2.33,397.0,282.111,1.40725,1.12231,737.875,408.75,173.125,62.0,31.375,13.375,4.625,1.375,221.5,110.75,52.125,30.875,19.375,11.625,5.5,2.75,91.5,26.0,8.5,1.375,0.0,0.0,203.375,69.75,34.625,15.0,3.125,0.0,0.134552,0.628745,1.45766,2.02401,2.61555,1.4489,0.613678,0.219772,0.111215,0.0474105,0.016394299999999997,0.00487398,0.07840880000000001,0.0978949,0.0753132,0.06637389999999999,0.785153,0.392577,0.184768,0.109443,0.0686788,0.0412073,0.0194959,0.00974795,0.6019180000000001,0.433198,5.50509,3.57571,18.472,179.60299999999995,7.420000000000002e-07,7.420000000000002e-07,0,0.944944,2.4730000000000003,0.0490001,32.86,249.251,0.116479,0.13183499999999998,2.4494700000000003,2.47037,2.47056,2.46602,2.45151,2.29502,1.6906599999999998,1.99748,64.2492,94.7244,99.3966,99.4407,95.1716,66.3664,16.4804,5.06912,8.3097,8.3097,4.8876800000000005,4.8876800000000005,0.0,0.0,0.0,0.0,0.0,-2.36866,-1.55223,-2.1766,-2.34512,-2.36603,-2.36622,-2.36168,-2.34717,-2.19067,-1.5863200000000002,-0.662254,77.2965,0.120376,1.18311,-1.89924,0.406333,95.1892,0,-2.07964,0.353076,0.78305,0.181974,0.246794,0.0,0.0,0.0,0.0,0.0,0.0,0.0,0.0,1
MOL1229,1967.0,CCn1cc(C(=O)O)c(=O)c2cc(F)c(N3CCNCC3)cc21,"InChI=1S/C16H18FN3O3/c1-2-19-9-11(16(22)23)15(21)10-7-12(17)14(8-13(10)19)20-5-3-18-4-6-20/h7-9,18H,2-6H2,1H3,(H,22,23)",CCn1cc(C(=O)O)c(=O)c2cc(F)c(N3CCNCC3)cc21,norfloxacin,Norfloxacin,"NCGC00016916-15, NCGC00016916-12",,INACTIVE,LOW,INACTIVE,LOW,INACTIVE,LOW,INACTIVE,LOW,INACTIVE,LOW,INACTIVE,LOW,HIGH,LOW,LOW,MODERATE,LOW,INACTIVE,LOW,INACTIVE,LOW,INACTIVE,-0.32,-2.5,673.375,465.834,1.44553,1.40399,1310.12,928.875,564.125,252.125,134.75,63.625,29.5,5.5,154.875,80.125,45.375,29.625,23.0,18.375,13.0,8.0,144.75,41.375,19.25,7.875,2.375,0.25,566.0,253.875,131.625,57.375,23.625,2.25,0.122814,0.293773,0.77792,1.60081,2.81243,1.99401,1.211,0.541234,0.289266,0.13658299999999998,0.0633273,0.0118068,0.0498242,0.043431,0.0481989,0.0574129,0.332468,0.172003,0.097406,0.0635956,0.0493738,0.0394454,0.0279069,0.0171735,2.9697,2.14768,4.5568,1.79222,33.192,319.331,0.358622,0.0896555,2,0.581435,1.745,-2.43,98.19,367.644,0.210783,0.267079,-1.37421,-0.8218799999999999,-0.601774,-0.5987979999999999,-0.652878,-1.05015,-1.56744,0.0,0.0,0.0,0.0,0.0,0.0,0.0,0.0,19.4286,21.1968,0.0,0.0,0.0,0.0,0.0,0.0,0.0,0.0,-2.06684,1.42649,1.37119,1.05237,0.500037,0.279931,0.276955,0.331035,0.728304,1.2456,1.40956,58.5026,-0.131177,-0.403284,-4.0035300000000005,-1.32868,100.0,0,0.8651719999999999,-0.116304,0.89638,0.173803,-0.412607,4.5,7.25,2.75,3.375,1.125,4.375,4.375,3.375,1
MOL1556,2457.0,O=C(O[C@H]1CN2CCC1CC2)N1CCc2ccccc2[C@@H]1c1ccccc1,"InChI=1S/C23H26N2O2/c26-23(27-21-16-24-13-10-18(21)11-14-24)25-15-12-17-6-4-5-9-20(17)22(25)19-7-2-1-3-8-19/h1-9,18,21-22H,10-16H2/t21-,22-/m0/s1",O=C(O[C@H]1CN2CCC1CC2)N1CCc2ccccc2[C@@H]1c1ccccc1,solifenacin,Solifenacin (hydrochloride),NCGC00263936-02,,INACTIVE,LOW,MODERATE,HIGH,INACTIVE,LOW,LOW,MODERATE,INACTIVE,LOW,,,LOW,INACTIVE,LOW,INACTIVE,LOW,INACTIVE,LOW,INACTIVE,LOW,INACTIVE,3.37,-3.7,837.625,556.479,1.50522,1.47366,1163.88,505.625,214.25,70.875,32.375,14.125,6.0,1.5,332.0,157.0,45.0,23.875,15.875,10.125,7.125,5.125,97.25,17.875,7.25,2.5,0.625,0.0,244.375,82.5,36.0,15.75,8.125,1.25,0.0318731,0.205197,0.5777979999999999,0.873733,2.0915,0.908615,0.38501,0.127363,0.0581783,0.0253828,0.0107821,0.00269552,0.0373065,0.135107,0.225945,0.314782,0.5966090000000001,0.282131,0.08086560000000001,0.0429037,0.0285276,0.0181948,0.0128037,0.00920969,0.719444,0.591623,6.51041,1.07314,43.14,363.473,1.31686,0.329216,1,0.347828,4.369,3.875,40.72,515.759,0.07317439999999999,0.07895160000000001,1.17906,1.9255,2.87721,3.34539,3.76381,4.254,4.3560300000000005,0.921627,0.00329716,0.032961800000000006,0.328643,3.19202,24.7966,76.7294,97.0565,21.884,18.0111,18.7361,7.746289999999999,10.4864,0.0,0.0,2.83121,0.0,0.0,-4.17772,-0.682222,-0.720779,-0.987778,-1.73422,-2.68593,-3.15411,-3.5725300000000004,-4.06272,-4.16475,-4.1764,95.5362,0.5882390000000001,1.26577,-1.7216200000000002,0.651563,32.899,0,-2.5447900000000003,-2.34503,0.202513,0.783022,-0.114658,20.75,10.75,6.875,2.5,1.875,0.625,1.75,1.375,0
MOL4787,,CCCCNc1ccc(C(=O)OCC[NH+](CC)CC)cc1,"InChI=1S/C17H28N2O2/c1-4-7-12-18-16-10-8-15(9-11-16)17(20)21-14-13-19(5-2)6-3/h8-11,18H,4-7,12-14H2,1-3H3/p+1",CCCCNc1ccc(C(=O)OCC[NH+](CC)CC)cc1,,Depolipon,,,INACTIVE,LOW,MODERATE,MODERATE,INACTIVE,LOW,INACTIVE,LOW,INACTIVE,LOW,INACTIVE,LOW,LOW,INACTIVE,LOW,INACTIVE,LOW,INACTIVE,LOW,INACTIVE,LOW,INACTIVE,4.38,-3.21,791.0,552.758,1.43101,1.5449,1129.25,575.125,271.125,96.375,41.125,18.625,6.0,0.25,283.25,113.375,47.625,23.25,13.5,8.75,4.875,1.75,93.5,28.5,11.125,4.125,0.5,0.0,294.375,98.0,41.25,17.875,6.625,0.375,0.0284468,0.141094,0.503446,1.01155,2.04294,1.04046,0.490495,0.174353,0.0743997,0.033694699999999994,0.010854700000000002,0.000452277,0.0314671,0.118036,0.16608699999999998,0.149489,0.51243,0.205108,0.0861589,0.0420618,0.024423,0.0158297,0.00881941,0.00316594,0.863517,0.801075,5.41339,1.06553,36.093,293.4240000000001,2.41054,0.172181,1,0.4497350000000001,4.499,2.423,49.74,503.018,0.08998510000000001,0.0988831,1.15237,1.72243,2.63649,3.11729,3.57804,4.25967,4.46819,0.602296,0.00130219,0.0135339,0.135709,1.34124,11.9682,57.6188,93.1485,19.4105,18.1244,16.3552,9.36232,13.0687,9.34894,0.0,7.07982,6.28244,0.0,-3.86872,-0.212193,-0.368285,-0.522062,-1.09215,-2.00621,-2.487,-2.94775,-3.62938,-3.8379,-3.86553,85.3328,0.42449,1.01578,-2.07926,0.450099,44.2333,0,-2.05839,-2.37961,-0.055679499999999986,0.768088,0.0759988,78.875,47.375,25.125,15.0,10.875,6.625,2.875,0.75,0
MOL10517,,Cc1c(-c2cnccn2)ssc1=S,"InChI=1S/C8H6N2S3/c1-5-7(12-13-8(5)11)6-4-9-2-3-10-6/h2-4H,1H3",Cc1c(-c2cnccn2)ssc1=S,,Oltipraz,NCGC00387263-04,,INACTIVE,LOW,,,,,,,,,,,LOW,INACTIVE,MODERATE,LOW,LOW,INACTIVE,HIGH,HIGH,LOW,INACTIVE,1.77,-3.22,448.125,312.986,1.43177,1.16188,966.0,707.5,411.25,115.75,40.125,18.5,5.125,0.0,136.125,77.5,49.75,38.375,27.625,19.625,13.375,8.25,0.0,0.0,0.0,0.0,0.0,0.0,493.375,162.25,52.25,22.875,6.375,0.0,0.0163037,0.03938,1.05989,1.47805,3.0864,2.26048,1.31396,0.369824,0.128201,0.059108,0.0163745,0.0,0.0456348,0.0670526,0.070427,0.131696,0.434923,0.247615,0.158953,0.122609,0.08826260000000001,0.0627024,0.0427335,0.026359,0.8065329999999999,0.482085,3.2775199999999995,4.48635,23.907,226.342,0.225479,0.112739,0,0.912437,1.692,-1.98,89.44,223.546,0.285763,0.400096,1.68986,1.69179,1.6919799999999998,1.69199,1.692,1.692,1.692,2.0,95.2807,99.5071,99.9505,99.995,99.9995,100.0,100.0,6.56019,11.1116,0.0,10.8096,0.0,0.0,9.03515,0.0,0.0,0.0,-2.58445,-2.40979,-2.56346,-2.5823,-2.58423,-2.58443,-2.5844400000000003,-2.58445,-2.58445,-2.58445,-2.58445,62.0328,0.14440899999999998,0.774378,-3.08002,-0.36549,97.4431,0,-2.57397,-0.0278389,0.0364181,-0.0355023,0.0281974,0.0,0.0,0.0,0.0,0.0,0.0,0.0,0.0,0
MOL1369,2171.0,COc1ccc(-c2nc3cc(C4=NNC(=O)CC4C)ccc3[nH]2)cc1,"InChI=1S/C19H18N4O2/c1-11-9-17(24)22-23-18(11)13-5-8-15-16(10-13)21-19(20-15)12-3-6-14(25-2)7-4-12/h3-8,10-11H,9H2,1-2H3,(H,20,21)(H,22,24)",COc1ccc(-c2nc3cc(C4=NNC(=O)CC4C)ccc3[nH]2)cc1,pimobendan,Pimobendan,NCGC00274063-05,,INACTIVE,LOW,INACTIVE,LOW,INACTIVE,LOW,INACTIVE,LOW,MODERATE,MODERATE,INACTIVE,LOW,MODERATE,HIGH,LOW,MODERATE,LOW,INACTIVE,LOW,MODERATE,MODERATE,MODERATE,3.35,-4.36,738.0,505.25,1.46066,1.4470299999999998,1287.5,811.625,454.125,188.875,96.375,42.75,14.25,0.875,235.25,141.25,87.5,55.875,39.375,29.875,24.375,14.375,107.625,22.75,7.875,2.0,0.0,0.0,524.125,214.625,108.75,45.5,14.0,0.0,0.0718037,0.223662,0.7595109999999999,1.3974,2.5482400000000003,1.60638,0.898813,0.373825,0.190747,0.08461160000000001,0.0282039,0.00173182,0.0217355,0.0150875,0.013257499999999998,0.0222841,0.465611,0.279565,0.173182,0.110589,0.0779317,0.059129199999999986,0.0482435,0.0284513,1.10143,0.765101,4.28346,11.1305,36.645,334.372,0.398653,0.0797306,0,0.603491,3.102,-0.140001,77.82,427.43,0.154023,0.182065,2.81031,3.06799,3.09852,3.10085,3.10148,3.1002,3.08451,2.0,4.01843,51.0742,92.4649,99.2018,99.8795,99.5862,96.0516,21.9122,23.91800000000001,21.4615,23.5887,20.7214,10.2779,17.8605,11.7903,6.08615,0.0,-4.39334,-1.1814,-2.9984900000000003,-4.10165,-4.3593199999999985,-4.38986,-4.3921800000000015,-4.39281,-4.39154,-4.37585,-4.23321,84.53299999999999,0.33919,0.7041609999999999,-3.55507,-0.514502,62.6287,0,-3.98802,-0.94265,1.07784,-0.681761,0.29588200000000003,60.25,51.5,37.125,21.25,18.375,17.625,16.875,11.5,1
MOL611,1003.0,Nc1nc(=O)n([C@@H]2CS[C@H](CO)O2)cc1F,"InChI=1S/C8H10FN3O3S/c9-4-1-12(8(14)11-7(4)10)5-3-16-6(2-13)15-5/h1,5-6,13H,2-3H2,(H2,10,11,14)/t5-,6+/m0/s1",Nc1nc(=O)n([C@@H]2CS[C@H](CO)O2)cc1F,emtricitabine,Emtricitabine,NCGC00346561-01,,INACTIVE,LOW,INACTIVE,LOW,INACTIVE,LOW,INACTIVE,LOW,INACTIVE,LOW,INACTIVE,LOW,LOW,INACTIVE,LOW,INACTIVE,LOW,INACTIVE,LOW,INACTIVE,LOW,INACTIVE,-0.8,-2.09,464.625,344.616,1.34824,1.29472,1157.12,955.875,605.875,274.25,142.0,65.875,22.125,2.75,52.5,27.25,17.375,11.0,8.375,5.625,3.75,2.875,227.875,83.125,36.625,12.375,1.5,0.0,691.375,313.75,157.5,65.75,18.75,0.5,0.0757332,0.1543,0.454876,1.05109,3.35772,2.77374,1.7581099999999998,0.795813,0.412053,0.191155,0.0642018,0.00797989,0.120676,0.248673,0.360218,0.486371,0.152343,0.0790735,0.0504184,0.0319196,0.0243024,0.0163225,0.0108817,0.00834261,8.17266,5.98864,4.08941,0.16292,21.28,247.247,0.468612,0.117153,0,0.76963,-1.085,-3.216,108.66,235.956,0.315307,0.460509,-1.08653,-1.08515,-1.08502,-1.08501,-1.085,-1.08502,-1.08525,2.0,96.5907,99.6483,99.9647,99.9964,99.9991,99.9943,99.943,9.15901,9.39963,11.309,9.80045,11.3196,10.4658,11.0668,12.2141,12.1686,0.0,-1.29628,-1.16504,-1.28122,-1.29475,-1.2961200000000002,-1.29626,-1.29627,-1.29627,-1.29625,-1.29603,-1.29381,14.7083,0.115197,-0.227372,-5.72176,-0.92522,100.0,0,-1.28846,-0.0200836,0.027317700000000004,-0.0258568,0.0215204,0.25,1.25,0.25,0.25,0.125,0.125,0.25,0.0,0
MOL2501,5080.0,COC(=O)N[C@H](C(=O)N1CCC[C@H]1c1nc(-c2ccc3c(c2)O[C@@H](c2ccccc2)n2c-3cc3cc(-c4c[nH]c([C@@H]5CCCN5C(=O)[C@@H](NC(=O)OC)C(C)C)n4)ccc32)c[nH]1)C(C)C,"InChI=1S/C49H55N9O7/c1-27(2)41(54-48(61)63-5)45(59)56-20-10-14-37(56)43-50-25-34(52-43)30-17-19-36-32(22-30)23-39-33-18-16-31(24-40(33)65-47(58(36)39)29-12-8-7-9-13-29)35-26-51-44(53-35)38-15-11-21-57(38)46(60)42(28(3)4)55-49(62)64-6/h7-9,12-13,16-19,22-28,37-38,41-42,47H,10-11,14-15,20-21H2,1-6H3,(H,50,52)(H,51,53)(H,54,61)(H,55,62)/t37-,38-,41-,42-,47-/m0/s1",COC(=O)N[C@H](C(=O)N1CCC[C@H]1c1nc(-c2ccc3c(c2)O[C@@H](c2ccccc2)n2c-3cc3cc(-c4c[nH]c([C@@H]5CCCN5C(=O)[C@@H](NC(=O)OC)C(C)C)n4)ccc32)c[nH]1)C(C)C,elbasvir,Elbasvir,,,INACTIVE,LOW,INACTIVE,LOW,INACTIVE,LOW,INCONCLUSIVE,MODERATE,INACTIVE,LOW,,,MODERATE,HIGH,HIGH,HIGH,LOW,INACTIVE,HIGH,HIGH,LOW,INACTIVE,6.19,-5.3,1808.12,1167.52,1.54869,2.07463,2555.88,1553.25,886.0,334.75,148.875,73.375,27.625,6.0,513.625,274.375,135.375,87.625,67.5,47.0,32.875,22.0,193.25,25.25,7.875,1.5,0.25,0.0,1052.12,411.0,184.625,85.625,32.375,4.625,0.00709202,0.017629,0.0608156,0.20923200000000008,2.18915,1.33039,0.7588739999999999,0.286719,0.12751400000000002,0.062847,0.0236613,0.005139100000000001,0.0149353,0.0250838,0.032835500000000004,0.0372246,0.439929,0.235007,0.115951,0.0750523,0.0578149,0.0402563,0.028158,0.018843400000000003,1.09972,0.837375,1.73754,3.2047,94.717,882.0169999999997,3.61902,0.164501,0,-0.445195,7.001,3.111,180.58,986.939,0.15467,0.18297,5.91916,6.68927,6.95787,6.9869,6.99648,7.00047,7.00024,1.98547,0.578226,8.25528,48.7677,90.543,98.9653,99.8792,99.8247,90.2984,80.1905,81.2698,64.2801,78.1461,67.5543,39.4752,40.9261,32.2816,19.2491,-10.5163,-6.748239999999999,-8.29251,-9.43447,-10.2046,-10.4732,-10.5022,-10.5118,-10.5158,-10.5155,-10.5092,100.0,0.42247,-0.00964677,-5.41447,-2.16606,0.0,0,-9.83922,-1.48201,1.24649,-0.479996,-0.0400129,52.5,39.5,29.5,21.25,11.125,2.5,2.0,3.5,1
MOL2405,4809.0,CCCNS(=O)(=O)Nc1ncnc(OCCOc2ncc(Br)cn2)c1-c1ccc(Br)cc1,"InChI=1S/C19H20Br2N6O4S/c1-2-7-26-32(28,29)27-17-16(13-3-5-14(20)6-4-13)18(25-12-24-17)30-8-9-31-19-22-10-15(21)11-23-19/h3-6,10-12,26H,2,7-9H2,1H3,(H,24,25,27)",CCCNS(=O)(=O)Nc1ncnc(OCCOc2ncc(Br)cn2)c1-c1ccc(Br)cc1,macitentan,Macitentan,"NCGC00346456-07, NCGC00346456-01",,INACTIVE,LOW,MODERATE,MODERATE,INACTIVE,LOW,INACTIVE,LOW,INACTIVE,LOW,INACTIVE,LOW,LOW,INACTIVE,MODERATE,LOW,LOW,INACTIVE,LOW,INACTIVE,LOW,INACTIVE,3.02,-4.94,1027.5,696.2130000000003,1.47584,1.68115,1822.88,1173.75,696.25,329.625,160.125,59.625,17.75,3.375,376.25,207.0,89.0,56.25,30.375,19.875,12.125,7.5,73.0,14.0,6.0,1.875,0.0,0.0,782.0,376.875,179.625,65.375,19.0,2.75,0.0632211,0.176315,0.348235,0.602765,2.61827,1.6859099999999998,1.00005,0.473454,0.229994,0.0856418,0.0254951,0.00484765,0.0512038,0.0908365,0.106942,0.144467,0.540423,0.297323,0.127834,0.0807942,0.0436289,0.0285473,0.017415599999999996,0.0107726,1.79916,1.06,4.5918800000000015,0.874906,49.56,587.265,2.87386,0.239488,1,0.190312,5.336,1.238,127.93,568.283,0.183751,0.225117,5.32759,5.26658,4.89979,4.52542,4.0755,3.11817,2.28693,1.28761,97.64,98.0814,85.2224,36.6061,5.4592199999999975,0.5741310000000001,0.057711300000000014,32.9224,32.5544,29.3991,28.8601,28.3442,0.0,13.3062,13.0309,0.0,0.0,-6.32181,-6.23379,-6.31144,-6.3134,-6.25239,-5.8856,-5.51123,-5.06131,-4.10398,-3.27274,-2.89463,100.0,-0.33284899999999995,0.0867586,-2.49548,-0.399997,22.2069,0,-5.22392,1.98139,0.953968,-0.288032,-0.37194,167.125,91.0,43.625,30.0,18.625,13.125,7.75,3.875,0
MOL5302,,COc1ccc(-c2oc3cc(OC)c(OC)c(O)c3c(=O)c2OC)cc1O,"InChI=1S/C19H18O8/c1-23-11-6-5-9(7-10(11)20)17-19(26-4)16(22)14-12(27-17)8-13(24-2)18(25-3)15(14)21/h5-8,20-21H,1-4H3",COc1ccc(-c2oc3cc(OC)c(OC)c(O)c3c(=O)c2OC)cc1O,,Casticin,,,INACTIVE,LOW,,,,,,,,,,,LOW,INACTIVE,MODERATE,HIGH,LOW,INACTIVE,MODERATE,HIGH,HIGH,MODERATE,2.71,-3.9,768.375,532.053,1.4441700000000002,1.50187,1345.75,870.375,499.75,184.875,80.625,33.125,7.125,0.5,227.125,105.5,71.375,49.25,37.25,29.0,22.0,14.25,209.0,49.375,16.0,3.0,0.0,0.0,595.625,221.625,91.375,28.75,5.75,0.0,0.0285738,0.0793841,0.229718,0.8038850000000001,2.52936,1.63588,0.939287,0.347475,0.15153599999999998,0.06225890000000001,0.0133915,0.000939757,0.0121707,0.0120181,0.0223429,0.0605987,0.426885,0.198289,0.13415,0.092566,0.07001189999999999,0.0545059,0.041349300000000005,0.0267831,1.1296,0.672589,1.37278,12.977,36.227,374.341,0.425667,0.038697,0,0.6085109999999999,2.635,-0.927,113.58,418.473,0.213475,0.271416,2.62995,2.5868900000000004,2.2959400000000003,1.95117,1.48949,0.251946,-1.36464,1.4074,99.8831,98.8428,89.5103,45.7911,7.1265199999999975,0.398885,0.00692724,30.1112,33.7633,29.139,31.2707,27.0492,23.7597,28.2134,25.1544,20.4866,0.0,-4.62581,-4.62576,-4.62531,-4.62076,-4.5777,-4.28675,-3.94199,-3.4803,-2.24245,-0.603567,0.81635,81.3082,0.135374,0.0452431,-3.77182,-1.18184,69.1327,0,-3.3047,2.62133,1.69551,0.223451,-0.304601,4.0,5.0,4.0,3.0,0.625,0.0,0.375,0.5,0
MOL5238,,Cc1onc(-c2c(Cl)cccc2Cl)c1C(=O)N[C@@H]1C(=O)N2[C@@H](C(=O)[O-])C(C)(C)S[C@H]12,"InChI=1S/C19H17Cl2N3O5S/c1-7-10(12(23-29-7)11-8(20)5-4-6-9(11)21)15(25)22-13-16(26)24-14(18(27)28)19(2,3)30-17(13)24/h4-6,13-14,17H,1-3H3,(H,22,25)(H,27,28)/p-1/t13-,14+,17-/m1/s1",Cc1onc(-c2c(Cl)cccc2Cl)c1C(=O)N[C@@H]1C(=O)N2[C@@H](C(=O)[O-])C(C)(C)S[C@H]12,,Dicloxacillin sodium salt monohydrate,NCGC00178782-05,,INACTIVE,LOW,INACTIVE,LOW,INACTIVE,LOW,INACTIVE,LOW,INACTIVE,LOW,INACTIVE,LOW,LOW,INACTIVE,LOW,INACTIVE,LOW,INACTIVE,LOW,INACTIVE,LOW,INACTIVE,3.19,-4.2,859.875,560.873,1.5331,1.45256,1467.62,993.625,621.75,300.625,171.5,93.625,47.125,12.5,209.75,90.875,40.0,20.875,11.5,6.75,4.5,2.375,51.0,11.375,4.125,1.375,0.125,0.0,686.875,341.375,186.625,99.0,44.0,8.125,0.0837262,0.211156,0.5901569999999999,0.971789,2.61668,1.77157,1.10854,0.535995,0.305773,0.166927,0.0840208,0.022286700000000003,0.0623355,0.141208,0.204998,0.258387,0.373971,0.162024,0.0713174,0.0372188,0.0205038,0.0120348,0.00802321,0.00423447,4.2875,4.48503,7.10882,0.26915700000000004,42.199,469.318,1.7067900000000005,0.243828,1,0.298026,3.343,-0.0479998,132.84,428.033,0.236845,0.31035,1.0797,0.263315,-0.0913104,-0.135133,-0.149965,-0.15629300000000002,-0.156947,0.0,4.91196,0.513915,0.0516303,0.00516543,0.000516567,5.17e-05,5.17e-06,26.4707,25.8947,10.9726,19.0303,11.6348,0.0,4.26892,4.80406,0.0,0.0,-3.49149,-3.02402,-2.18539,-1.2281799999999998,-0.411803,-0.0571775,-0.0133548,0.00147724,0.00780344,0.00844097,0.00850487,59.3616,-0.418721,-0.272515,-3.0903400000000003,-1.52919,87.2755,0,-0.664549,1.41141,-1.03977,0.217034,0.220567,62.625,48.875,30.125,20.875,17.5,12.5,7.125,4.0,0
MOL3571,,O=c1c(-c2ccccc2)c1-c1ccccc1,InChI=1S/C15H10O/c16-15-13(11-7-3-1-4-8-11)14(15)12-9-5-2-6-10-12/h1-10H,O=c1c(-c2ccccc2)c1-c1ccccc1,,Diphenylcyclopropenone,,,MODERATE,LOW,MODERATE,MODERATE,INACTIVE,LOW,MODERATE,HIGH,MODERATE,HIGH,MODERATE,LOW,MODERATE,HIGH,LOW,INACTIVE,LOW,INACTIVE,MODERATE,LOW,LOW,INACTIVE,3.72,-4.31,538.875,372.73800000000006,1.44572,1.2557200000000002,899.25,460.125,180.75,77.625,46.0,25.5,9.625,0.625,300.75,175.25,70.875,38.75,23.625,14.5,10.25,3.75,0.0,0.0,0.0,0.0,0.0,0.0,245.5,91.25,49.875,26.25,8.125,0.0,0.124411,0.628316,1.26671,1.69081,2.41255,1.23444,0.484924,0.208256,0.123411,0.0684126,0.0258224,0.00167678,0.0331588,0.030231900000000006,0.0225452,0.0653266,0.806866,0.470169,0.190147,0.10396,0.0633822,0.03890130000000002,0.0274992,0.0100607,0.64903,0.658065,5.4036300000000015,8.81519,24.428,206.239,0.593422,0.296711,0,0.734074,3.653,2.298,17.07,355.668,0.0457962,0.0479941,3.653,3.653,3.653,3.653,3.653,3.653,3.653,2.0,100.0,100.0,100.0,100.0,100.0,100.0,100.0,15.0909,20.3711,0.0,0.0,0.0,0.0,0.0,0.0,0.0,0.0,-3.73411,-3.73411,-3.73411,-3.73411,-3.73411,-3.73411,-3.73411,-3.73411,-3.73411,-3.73411,-3.73411,88.9549,0.0213814,1.41495,-1.2247,0.517574,62.784,0,-3.73411,0.0,0.0,0.0,0.0,0.0,0.0,0.0,0.0,0.0,0.0,0.0,0.0,1
MOL2516,5202.0,CCS(=O)(=O)N1CC(CC#N)(n2cc(-c3ncnc4[nH]ccc34)cn2)C1,"InChI=1S/C16H17N7O2S/c1-2-26(24,25)22-9-16(10-22,4-5-17)23-8-12(7-21-23)14-13-3-6-18-15(13)20-11-19-14/h3,6-8,11H,2,4,9-10H2,1H3,(H,18,19,20)",CCS(=O)(=O)N1CC(CC#N)(n2cc(-c3ncnc4[nH]ccc34)cn2)C1,baricitinib,Baricitinib,"NCGC00345839-14, NCGC00345839-01",,INACTIVE,LOW,,,,,,,,,INACTIVE,LOW,HIGH,LOW,LOW,INACTIVE,LOW,INACTIVE,LOW,INACTIVE,LOW,INACTIVE,1.04,-3.02,760.75,518.224,1.46799,1.45817,1469.25,1052.25,642.0,278.25,133.625,46.875,11.125,1.25,194.125,102.5,71.375,51.0,33.625,20.25,12.75,8.25,0.0,0.0,0.0,0.0,0.0,0.0,731.5,325.125,149.0,53.375,11.375,0.875,0.0393929,0.0870479,0.215828,0.8289700000000001,2.83516,2.0304900000000004,1.23885,0.53693,0.257852,0.0904531,0.0214675,0.00241208,0.0315949,0.0970985,0.118708,0.216535,0.374597,0.197791,0.13773,0.098413,0.064885,0.0390758,0.0246033,0.015919799999999998,1.87215,0.919118,1.0026700000000002,1.06481,37.709,370.409,1.55437,0.222052,1,0.520261,-0.0500001,-2.705,109.862,408.362,0.211998,0.269032,-0.0544378,-0.050447000000000006,-0.0500557,-0.0500491,-0.050115,-0.0511042,-0.060913,2.0,90.6835,98.9831,99.8971,99.9872,99.9735,99.746,97.5177,23.4818,26.5444,0.0,26.5256,0.0,0.0,22.6168,0.0,0.0,0.0,-3.21861,-2.91182,-3.17615,-3.21417,-3.21816,-3.21855,-3.21856,-3.21849,-3.2175,-3.20769,-3.12016,58.8968,-0.238485,0.155445,-4.054869999999998,-0.903332,70.0369,0,-3.19312,-0.0373219,0.0875641,-0.0451193,0.0654724,2.875,4.0,2.625,3.5,3.25,3.5,1.125,0.875,1
MOL4219,,O[C@H]1C=C2CCN3Cc4cc5c(cc4[C@H]([C@@H]1O)[C@@H]23)OCO5,"InChI=1S/C16H17NO4/c18-11-3-8-1-2-17-6-9-4-12-13(21-7-20-12)5-10(9)14(15(8)17)16(11)19/h3-5,11,14-16,18-19H,1-2,6-7H2/t11-,14-,15+,16+/m0/s1",O[C@H]1C=C2CCN3Cc4cc5c(cc4[C@H]([C@@H]1O)[C@@H]23)OCO5,,Lycorine HCl,,,INACTIVE,LOW,,,,,,,,,,,LOW,INACTIVE,LOW,INACTIVE,LOW,MODERATE,LOW,INACTIVE,HIGH,HIGH,0.01,-1.58,587.0,406.659,1.44347,1.31366,1122.25,816.75,488.5,226.25,111.25,46.375,12.375,0.375,95.75,42.875,21.125,9.5,6.875,4.375,2.75,1.625,342.0,141.25,62.0,23.0,3.625,0.25,566.5,260.25,127.375,52.25,14.625,1.0,0.0809348,0.188845,0.4752770000000001,0.8358549999999999,2.75968,2.00844,1.20125,0.556362,0.27357,0.11403900000000004,0.030430900000000007,0.000922148,0.0668798,0.128855,0.264648,0.378885,0.23545500000000005,0.105432,0.0519476,0.0233611,0.016906,0.0107584,0.00676242,0.00399597,5.26627,4.8815800000000005,4.15083,0.309031,31.318,288.318,1.23e-06,6.17e-07,1,0.663257,0.885,-1.801,74.73,331.9290000000001,0.183766,0.225138,-1.76191,-0.8279040000000001,0.0970392,0.465657,0.704742,0.8632,0.882668,1.525,0.0194248,0.193909,1.90583,16.268,66.0193,95.1027,99.4643,18.4852,20.7681,20.7681,19.092,19.092,17.6214,11.0831,15.877,15.877,7.6192199999999985,-2.02057,1.45354,1.2715,0.626336,-0.30767100000000003,-1.23261,-1.60123,-1.84032,-1.99877,-2.01824,-2.01931,41.9906,0.581762,0.00810867,-5.8080300000000005,-0.398983,100.0,0,-0.723525,-2.18347,0.720001,0.521686,-0.354663,0.0,0.0,0.0,0.0,0.0,0.0,0.0,0.0,0
MOL520,855.0,NC[C@@H]1CC[C@@H](N)[C@@H](O[C@@H]2[C@@H](N)C[C@@H](N)[C@H](O[C@H]3O[C@H](CO)[C@@H](O)[C@H](N)[C@H]3O)[C@H]2O)O1,"InChI=1S/C18H37N5O8/c19-4-6-1-2-7(20)17(28-6)30-15-8(21)3-9(22)16(14(15)27)31-18-13(26)11(23)12(25)10(5-24)29-18/h6-18,24-27H,1-5,19-23H2/t6-,7+,8-,9+,10+,11-,12+,13+,14-,15+,16-,17+,18+/m0/s1",NC[C@@H]1CC[C@@H](N)[C@@H](O[C@@H]2[C@@H](N)C[C@@H](N)[C@H](O[C@H]3O[C@H](CO)[C@@H](O)[C@H](N)[C@H]3O)[C@H]2O)O1,dibekacin,DIBEKACIN,,,INACTIVE,LOW,INACTIVE,LOW,INACTIVE,LOW,INACTIVE,LOW,INACTIVE,LOW,,,MODERATE,LOW,LOW,INACTIVE,LOW,INACTIVE,LOW,INACTIVE,LOW,INACTIVE,-2.62,-1.12,839.125,567.9069999999998,1.47758,1.51657,1669.0,1534.75,1123.12,603.75,338.25,178.125,70.125,17.875,15.5,6.5,0.75,0.0,0.0,0.0,0.0,0.0,1146.88,563.75,289.25,141.375,47.25,9.875,1035.62,546.125,295.75,135.375,28.125,0.375,0.0356384,0.0459383,0.111373,0.243036,2.93886,2.70247,1.97766,1.06311,0.595608,0.313652,0.12348,0.0314752,0.124884,0.229021,0.0,0.0,0.0272932,0.0114455,0.00132064,0.0,0.0,0.0,0.0,0.0,451.0,356.25,8.76424,0.00156882,47.179,453.531,1.7829099999999998,0.118861,2,0.28424,-5.9510000000000005,-6.347,278.32,289.587,0.49008,0.961093,-9.0,-9.0,-9.0,-7.831760000000001,-6.982710000000001,-6.15316,-5.9752300000000025,0.174869,3.69e-14,1.65e-09,2.22e-05,0.0735766,9.27926,62.7719,94.5711,20.4173,25.2171,25.2171,28.5476,29.2327,29.5019,21.0642,27.476,27.4981,27.4981,1.7282799999999998,17.3317,15.278,12.0145,8.31067,4.85395,3.60913,2.76,1.93044,1.75252,1.73677,0.0,1.78531,-3.92864,-26.3748,-3.3244300000000004,100.0,0,7.04034,-8.974680000000003,3.38115,1.30451,-1.0444,1.75,1.875,0.125,0.0,0.0,0.0,0.0,0.0,1
